CustomerID,total_revenue,avg_order_value,order_count,unique_products,avg_qty,std_qty,recency_days,tenure_days,purchase_freq_30d,R_Score,F_Score,M_Score,RFM_Score,churned
10000,29155.39,633.8128260869565,46,46,25.41304347826087,14.867677225678415,37,920,0,2,4,3,9,0
10001,16457.27,567.4920689655172,29,29,20.03448275862069,16.098985679274264,19,973,2,5,1,1,7,0
10002,25503.53,708.4313888888888,36,36,25.47222222222222,13.002167096540068,58,901,0,5,1,2,8,0
10003,22863.7,653.2485714285715,35,35,27.428571428571427,14.09273011225315,38,958,0,2,1,2,5,0
10004,19551.6,528.4216216216216,37,37,22.405405405405407,12.286983762094337,48,878,0,5,2,1,8,0
10005,20320.94,564.4705555555555,36,36,23.055555555555557,14.937860708270193,7,919,3,1,1,1,3,0
10006,17818.94,468.9194736842105,38,38,20.55263157894737,14.483349934323101,21,984,1,2,1,1,4,0
10007,31526.850000000002,656.809375,48,47,22.833333333333332,13.989864618956739,9,977,2,2,4,4,10,0
10008,26992.63,674.81575,40,40,28.325,11.697879492257755,3,982,3,5,2,2,9,0
10009,27314.01,557.4287755102041,49,48,23.102040816326532,13.879308487155715,11,985,5,3,4,3,10,0
10010,23922.88,683.5108571428572,35,35,29.8,16.189684442661047,2,993,1,4,2,3,9,0
10011,26977.1,539.5419999999999,50,50,23.94,15.41852847739249,30,949,1,5,5,3,13,0
10012,36610.93,677.9801851851852,54,54,26.333333333333332,14.898398039753916,0,988,1,4,5,5,14,0
10013,30451.190000000002,676.6931111111112,45,45,25.155555555555555,13.483922337960925,11,986,2,1,3,4,8,0
10014,24697.32,667.4951351351351,37,37,24.83783783783784,14.117588544305516,51,871,0,1,1,2,4,0
10015,34537.23,627.9496363636364,55,55,24.21818181818182,15.13114388113189,28,952,1,1,5,5,11,0
10016,34257.8,622.8690909090909,55,54,24.69090909090909,13.926889428664575,1,984,3,2,5,5,12,0
10017,26397.19,613.8881395348836,43,43,24.674418604651162,13.544847782077348,9,964,1,2,2,2,6,0
10018,39426.93,704.0523214285714,56,56,26.089285714285715,13.886915732855462,85,915,0,2,5,5,12,0
10019,16658.5,504.8030303030303,33,33,21.272727272727273,14.818216675921073,14,975,2,1,1,1,3,0
10020,34499.88,704.0791836734693,49,49,24.081632653061224,13.794377983279213,2,989,1,2,5,5,12,0
10021,30832.64,629.2375510204082,49,48,25.857142857142858,16.076639366899208,6,995,2,1,4,4,9,1
10022,27164.47,646.7730952380953,42,42,23.833333333333332,14.124734690651744,9,972,1,4,4,4,12,0
10023,18939.27,557.0373529411764,34,34,20.941176470588236,13.39819340257346,10,986,1,1,1,1,3,0
10024,29271.75,636.3423913043479,46,46,24.73913043478261,13.548980744951006,10,979,3,4,4,4,12,0
10025,24228.53,526.7071739130434,46,46,25.347826086956523,13.744036915136602,2,971,2,3,4,2,9,0
10026,27336.13,536.0025490196078,51,51,22.372549019607842,15.02925252208336,3,964,2,4,5,4,13,0
10027,21647.91,541.19775,40,40,21.9,12.992700120077291,36,956,0,5,2,1,8,0
10028,29056.06,691.8109523809524,42,42,24.833333333333332,12.771761279434479,0,999,2,3,3,3,9,0
10029,23924.39,543.7361363636363,44,44,21.795454545454547,12.273206865580311,39,951,0,4,3,1,8,0
10030,21641.48,480.9217777777778,45,45,19.266666666666666,13.04258758487329,11,992,2,3,4,2,9,0
10031,34467.96,703.4277551020408,49,48,26.79591836734694,13.230299177514112,9,993,2,3,4,5,12,0
10032,25214.03,630.35075,40,40,28.875,14.877598889536872,26,970,1,1,2,2,5,0
10033,16510.31,485.5973529411765,34,34,21.441176470588236,15.457059143376979,65,850,0,1,1,1,3,0
10034,32724.18,711.3952173913043,46,46,24.391304347826086,15.803625829915765,40,909,0,2,3,5,10,0
10035,25043.829999999998,610.8251219512194,41,41,25.902439024390244,14.597610897076242,56,942,0,5,3,3,11,0
10036,27284.920000000002,634.533023255814,43,43,22.72093023255814,15.561438269608184,32,970,0,1,2,2,5,1
10037,30667.31,652.4959574468086,47,47,24.70212765957447,12.666139203844825,34,954,0,4,4,4,12,0
10038,34882.72,670.8215384615385,52,52,25.51923076923077,13.337975247780573,27,969,1,1,5,5,11,0
10039,24223.25,692.0928571428572,35,35,29.257142857142856,15.11785632396117,2,1003,2,2,2,3,7,0
10040,17357.78,559.9283870967741,31,31,25.451612903225808,13.450746471670682,71,915,0,5,1,1,7,0
10041,33682.12,701.7108333333334,48,48,25.166666666666668,14.485992255665666,32,968,0,4,5,5,14,0
10042,28129.149999999998,654.1662790697674,43,43,26.11627906976744,14.407685287680225,7,984,3,3,3,3,9,0
10043,32216.78,715.9284444444444,45,45,27.333333333333332,12.928122974212597,8,996,3,3,5,5,13,0
10044,25410.75,847.025,30,30,27.833333333333332,13.856613840561367,21,963,1,3,1,2,6,0
10045,21555.18,567.2415789473685,38,38,24.55263157894737,14.681662341296391,18,956,2,2,2,1,5,0
10046,29618.51,592.3702,50,50,22.96,14.33414647274266,31,954,0,5,4,4,13,0
10047,22488.75,681.4772727272727,33,33,27.333333333333332,14.282127525920872,55,895,0,4,1,2,7,0
10048,29494.49,655.4331111111112,45,45,25.733333333333334,14.939879517586482,3,993,1,1,3,4,8,0
10049,27064.73,796.0214705882353,34,33,26.558823529411764,12.630389462242029,8,996,2,4,1,3,8,0
10050,31495.91,699.9091111111111,45,45,27.4,13.758303278053917,21,952,2,2,3,4,9,0
10051,35707.97,793.5104444444445,45,45,28.08888888888889,12.79883201741866,24,969,1,5,4,5,14,0
10052,30389.29,633.1102083333334,48,48,25.041666666666668,15.033237407503236,29,973,1,3,4,4,11,0
10053,27025.34,730.4145945945946,37,37,25.243243243243242,14.874298126121605,11,992,1,4,2,3,9,0
10054,28257.98,642.2268181818182,44,44,25.363636363636363,13.975212124014613,24,963,1,3,3,3,9,0
10055,24090.4,602.26,40,40,23.675,14.822691371244948,17,934,2,1,2,2,5,0
10056,29108.2,632.7869565217392,46,45,25.956521739130434,14.0031052456853,2,1001,2,5,4,4,13,0
10057,27967.53,682.1348780487805,41,41,27.682926829268293,12.562720693365439,10,982,5,4,2,3,9,0
10058,24777.85,589.9488095238095,42,42,24.357142857142858,14.734762991582814,30,972,1,2,2,2,6,0
10059,24390.38,677.5105555555556,36,35,26.833333333333332,14.401388821915752,42,963,0,1,1,2,4,0
10060,22701.45,613.5527027027027,37,37,24.16216216216216,14.223442139872693,8,982,2,1,1,2,4,0
10061,33034.56,750.7854545454545,44,44,26.15909090909091,13.30316133405573,25,968,1,1,2,4,7,0
10062,24587.5,630.4487179487179,39,39,25.256410256410255,13.672326927656979,79,880,0,2,2,2,6,0
10063,22346.81,720.8648387096774,31,31,27.838709677419356,12.756950456368346,75,861,0,1,1,1,3,0
10064,29833.77,678.0402272727273,44,44,24.545454545454547,15.49711832995959,45,945,0,3,3,4,10,0
10065,31925.43,709.454,45,45,27.866666666666667,13.560638225795609,41,926,0,4,5,5,14,0
10066,19011.41,528.0947222222222,36,36,23.22222222222222,13.141235234636945,11,971,1,3,2,1,6,0
10067,15803.54,395.0885,40,40,21.225,12.89302634004632,107,889,0,3,2,1,6,0
10068,35654.56,699.109019607843,51,51,24.11764705882353,14.109070924513109,2,990,4,3,5,5,13,0
10069,25884.83,761.3185294117648,34,34,26.176470588235293,14.149570264885325,3,924,2,5,1,3,9,0
10070,18997.41,542.7831428571428,35,35,25.4,13.716027550450088,24,975,1,2,1,1,4,0
10071,29900.93,747.52325,40,40,27.1,14.26812836988395,29,974,1,3,3,4,10,0
10072,38450.24,769.0047999999999,50,50,28.44,14.109137291203911,5,983,1,2,4,5,11,0
10073,32326.97,718.3771111111112,45,45,26.933333333333334,14.29462708979719,2,997,1,5,5,5,15,0
10074,31729.39,598.6677358490566,53,53,21.28301886792453,12.298182102199817,2,1001,2,3,5,4,12,0
10075,21607.760000000002,554.0451282051282,39,39,22.358974358974358,14.772818530714796,12,943,1,3,2,2,7,0
10076,32620.04,582.5007142857143,56,56,27.035714285714285,14.145946140424547,0,984,4,2,5,5,12,0
10077,25937.28,603.1925581395349,43,43,27.348837209302324,14.491185696879315,22,963,3,2,3,3,8,0
10078,25737.07,514.7414,50,50,23.76,15.669494606543308,25,975,1,2,5,2,9,0
10079,24751.59,687.5441666666667,36,36,24.805555555555557,13.814732186938167,18,931,1,5,2,3,10,0
10080,25495.63,637.39075,40,40,24.975,13.932966809067052,26,961,1,4,2,2,8,0
10081,32206.73,685.2495744680851,47,47,26.29787234042553,13.20065033578636,57,933,0,5,4,4,13,0
10082,32165.37,684.369574468085,47,47,26.872340425531913,14.625197168907404,39,964,0,2,4,4,10,0
10083,28278.66,642.6968181818182,44,44,26.295454545454547,13.044787866663755,14,945,2,2,3,3,8,0
10084,28580.82,732.8415384615384,39,39,23.974358974358974,15.790548771316507,9,957,2,2,2,3,7,0
10085,26254.4,640.3512195121951,41,40,27.536585365853657,14.378973469924079,7,943,1,1,2,3,6,0
10086,29596.3,528.5053571428572,56,56,24.678571428571427,13.533940020095127,31,957,0,1,5,3,9,0
10087,23132.91,537.9746511627907,43,43,23.3953488372093,14.024026211646179,44,917,0,2,3,2,7,0
10088,28005.71,560.1142,50,50,22.58,15.749428237111287,5,992,4,1,5,3,9,0
10089,32011.22,653.2902040816326,49,49,26.979591836734695,13.81649044306351,5,964,2,1,4,4,9,0
10090,25475.27,749.2726470588235,34,32,29.705882352941178,12.826415479250072,2,967,2,1,1,2,4,0
10091,28886.97,740.6915384615385,39,39,26.82051282051282,14.7948636088265,12,983,1,5,3,5,13,0
10092,30076.27,639.9206382978723,47,47,23.70212765957447,14.069570763232603,31,932,0,3,4,4,11,0
10093,22553.6,663.3411764705882,34,34,26.61764705882353,13.92842027171772,11,939,2,4,1,1,6,0
10094,26721.57,636.2278571428571,42,42,25.88095238095238,13.88489683240238,13,988,2,3,3,3,9,0
10095,26407.63,694.9376315789474,38,38,27.289473684210527,15.15310670980536,62,915,0,2,2,3,7,0
10096,24764.8,669.3189189189189,37,37,28.45945945945946,14.779104232730818,11,902,2,1,1,3,5,0
10097,17289.24,557.7174193548387,31,31,22.096774193548388,14.117022440325195,12,952,2,5,1,1,7,0
10098,32023.54,727.8077272727273,44,43,28.386363636363637,15.049091619176485,21,943,2,4,3,4,11,0
10099,21634.739999999998,655.5981818181817,33,33,24.575757575757574,14.866132447257222,16,983,2,3,1,2,6,0
10100,23799.92,610.254358974359,39,39,23.435897435897434,14.53271241353337,12,964,3,5,2,3,10,0
10101,24455.18,719.27,34,34,27.58823529411765,12.711525781767298,28,975,1,4,1,2,7,0
10102,33327.63,680.1557142857142,49,49,23.20408163265306,11.92333075640069,4,939,5,1,4,4,9,0
10103,23100.26,481.25541666666663,48,48,25.666666666666668,14.244570945396696,6,987,1,5,5,2,12,0
10104,25180.02,572.2731818181818,44,43,22.818181818181817,16.55754268824786,8,993,4,2,3,2,7,0
10105,30953.31,631.7002040816327,49,49,23.653061224489797,14.768422140398304,8,973,3,5,5,4,14,0
10106,31797.850000000002,691.2576086956523,46,46,27.869565217391305,12.148358271620582,33,932,0,5,5,5,15,0
10107,22777.47,632.7075,36,36,23.25,13.372412967427701,4,950,1,2,2,2,6,0
10108,31212.15,709.3670454545455,44,44,24.886363636363637,14.361148993824727,4,930,3,3,3,4,10,0
10109,21111.94,490.97534883720925,43,43,23.046511627906977,14.704961081168186,12,988,2,3,3,2,8,0
10110,33131.65,637.1471153846154,52,52,22.51923076923077,13.523386257416075,7,983,2,3,5,4,12,0
10111,39756.26,764.5434615384615,52,51,26.75,14.340228619612208,22,952,1,4,5,5,14,0
10112,26754.65,594.5477777777778,45,45,24.844444444444445,15.025668273681111,14,987,1,4,4,3,11,0
10113,31014.96,659.8927659574468,47,47,24.78723404255319,15.304071879607966,19,976,1,2,4,4,10,0
10114,34364.88,673.8211764705882,51,51,25.41176470588235,14.53846824199611,0,1000,3,3,5,5,13,0
10115,23114.15,679.8279411764706,34,34,25.08823529411765,12.041261504079447,17,959,1,5,1,2,8,0
10116,35925.02,798.3337777777778,45,45,27.4,14.397600810236026,17,983,1,4,4,5,13,0
10117,35496.3,657.338888888889,54,54,25.833333333333332,14.692765515401312,42,962,0,5,5,5,15,0
10118,29385.53,667.8529545454545,44,44,25.5,14.856679650330962,1,995,2,4,4,5,13,0
10119,32162.46,730.965,44,44,27.727272727272727,14.940756863185358,26,936,1,4,3,5,12,0
10120,31042.61,689.8357777777778,45,45,25.355555555555554,13.490999618526077,37,934,0,1,3,4,8,0
10121,24329.73,675.8258333333333,36,36,24.25,14.271600170568519,4,992,2,3,2,3,8,0
10122,20557.31,540.9818421052632,38,38,24.736842105263158,12.79291233356953,16,980,2,4,2,2,8,0
10123,30676.65,852.1291666666667,36,36,29.0,11.961844100543791,11,977,2,3,1,4,8,0
10124,29316.43,666.2825,44,44,26.295454545454547,12.994774523048198,50,952,0,2,3,4,9,0
10125,32549.47,707.5971739130435,46,46,22.630434782608695,14.167817515061964,2,979,2,4,4,5,13,0
10126,17157.86,504.64294117647063,34,34,24.41176470588235,13.600618629109272,24,964,1,1,1,1,3,0
10127,36257.25,771.4308510638298,47,47,29.74468085106383,13.98674541051414,10,985,1,4,4,5,13,0
10128,28311.739999999998,577.7906122448979,49,49,23.510204081632654,13.950989285381032,23,974,2,5,5,4,14,0
10129,29248.37,562.4686538461539,52,52,24.71153846153846,16.061568475726535,39,962,0,4,5,4,13,0
10130,26635.52,649.6468292682927,41,41,23.0,13.238202294873728,3,1000,1,2,2,3,7,0
10131,26918.63,572.7368085106383,47,47,23.595744680851062,13.592932265908223,32,920,0,5,5,4,14,0
10132,34585.81,596.3070689655171,58,58,23.603448275862068,13.530912827147848,21,941,1,5,5,5,15,0
10133,29447.53,718.2324390243903,41,41,27.146341463414632,12.650219317485675,63,926,0,1,3,4,8,0
10134,23244.600000000002,645.6833333333334,36,36,27.22222222222222,15.23550573235542,0,974,3,1,1,1,3,0
10135,23657.57,577.0139024390244,41,41,23.951219512195124,13.219211813705453,10,990,1,3,2,2,7,0
10136,21535.68,478.5706666666667,45,45,24.31111111111111,14.049946978583588,5,953,1,5,3,1,9,0
10137,19364.3,496.5205128205128,39,39,22.692307692307693,15.558300959453742,10,989,1,1,2,1,4,0
10138,21251.850000000002,625.054411764706,34,34,21.0,13.4412301024373,9,991,1,2,1,1,4,0
10139,26341.57,675.4248717948718,39,39,24.435897435897434,13.488386567700752,21,982,3,4,1,3,8,0
10140,27117.74,553.4232653061225,49,49,22.183673469387756,15.52239439942036,74,931,0,1,4,3,8,0
10141,24113.18,688.948,35,35,24.885714285714286,13.098656034722277,13,971,1,1,1,2,4,0
10142,28550.14,607.4497872340426,47,47,20.404255319148938,14.135461996214998,0,899,3,4,5,4,13,0
10143,23146.02,593.4876923076923,39,38,21.794871794871796,14.011610762768907,21,949,1,5,2,2,9,0
10144,23153.38,578.8345,40,40,23.55,14.517805160101394,10,964,2,2,2,2,6,0
10145,28008.6,595.9276595744681,47,47,26.127659574468087,12.8665677685411,17,939,1,5,5,4,14,0
10146,33299.97,739.9993333333333,45,45,27.377777777777776,15.056392313397971,31,879,0,3,4,5,12,0
10147,23361.35,648.9263888888888,36,36,26.583333333333332,15.305227865013967,0,1005,2,5,1,2,8,0
10148,34426.840000000004,662.0546153846154,52,52,26.96153846153846,15.018892074828772,10,992,2,5,5,5,15,0
10149,21411.14,629.7394117647059,34,34,28.735294117647058,12.692896661851824,8,984,1,1,1,2,4,0
10150,11452.58,327.2165714285714,35,35,19.885714285714286,14.557737842550848,8,990,2,1,1,1,3,1
10151,18898.420000000002,510.76810810810815,37,37,22.81081081081081,14.003646028877696,0,997,2,4,2,1,7,0
10152,24749.47,634.6017948717949,39,39,27.794871794871796,14.718730435775557,2,994,1,3,2,2,7,0
10153,27103.51,677.5877499999999,40,40,26.425,13.588999132971397,100,904,0,3,2,3,8,0
10154,28367.45,675.4154761904762,42,42,22.833333333333332,13.668401634866916,1,995,3,2,3,3,8,0
10155,39837.88,724.3250909090908,55,55,29.78181818181818,14.616949711045017,25,940,2,3,5,5,13,0
10156,21470.01,580.2705405405405,37,37,26.54054054054054,14.87278385843416,15,948,1,4,1,1,6,0
10157,22404.28,605.5210810810811,37,37,23.783783783783782,13.916686896462611,51,934,0,3,1,1,5,0
10158,13043.45,372.67,35,35,20.057142857142857,13.381160718894082,60,920,0,4,1,1,6,0
10159,24667.09,536.2410869565217,46,46,26.043478260869566,12.654303653942542,43,943,0,3,4,2,9,0
10160,33044.090000000004,600.8016363636365,55,55,23.10909090909091,12.693936620923667,49,916,0,4,5,5,14,0
10161,27496.079999999998,572.8349999999999,48,48,24.0625,14.237209638755493,38,962,0,1,4,3,8,0
10162,28998.29,724.95725,40,39,25.05,13.699990641958248,2,999,1,3,2,4,9,0
10163,29032.99,784.6754054054054,37,37,30.62162162162162,13.661282173743087,5,973,3,2,2,4,8,0
10164,25044.59,544.4476086956522,46,46,23.41304347826087,14.095824577916716,18,965,2,3,4,2,9,0
10165,24374.920000000002,566.8586046511629,43,43,25.441860465116278,15.742424218200343,61,903,0,4,3,3,10,0
10166,23976.510000000002,614.7823076923078,39,39,23.666666666666668,14.122273063895486,11,987,1,1,2,2,5,0
10167,22260.67,585.8071052631578,38,38,23.105263157894736,14.35230365478471,25,976,1,3,2,2,7,0
10168,25600.2,581.8227272727273,44,44,24.363636363636363,14.339879194280329,10,969,1,5,4,3,12,0
10169,19611.18,612.849375,32,32,29.71875,13.120371687791716,41,946,0,5,1,1,7,0
10170,21581.66,526.3819512195122,41,41,21.634146341463413,14.249133478146968,1,984,3,5,2,1,8,0
10171,25754.71,559.885,46,46,21.456521739130434,13.817390848314037,10,959,4,2,3,3,8,0
10172,32005.85,680.9755319148936,47,47,27.4468085106383,11.428051891190908,28,974,1,1,3,4,8,1
10173,24442.82,698.3662857142857,35,35,30.542857142857144,13.357841621052005,21,965,1,2,1,2,5,0
10174,28779.04,599.5633333333334,48,48,23.166666666666668,14.335394870713912,1,951,2,4,5,4,13,0
10175,32569.44,794.3765853658537,41,41,27.536585365853657,15.935961786123247,46,953,0,2,2,4,8,0
10176,21638.79,584.8321621621621,37,37,23.675675675675677,13.95638852930015,23,980,2,3,1,1,5,0
10177,24867.11,731.3855882352941,34,34,25.529411764705884,14.847171537831601,10,973,1,3,1,3,7,0
10178,28827.010000000002,613.3406382978724,47,47,23.29787234042553,14.25530396122184,58,944,0,4,4,4,12,0
10179,27369.45,651.6535714285715,42,42,24.142857142857142,14.165522260260062,0,1002,5,1,3,3,7,0
10180,22327.76,544.5795121951219,41,40,23.097560975609756,12.619042907544099,29,947,1,4,2,1,7,0
10181,32004.47,695.7493478260869,46,46,23.717391304347824,15.217917865285951,77,919,0,5,4,4,13,0
10182,28507.79,647.9043181818182,44,44,26.477272727272727,14.36968488004511,2,1002,3,5,3,4,12,0
10183,23192.14,610.3194736842105,38,38,26.31578947368421,14.99027660195533,0,898,2,3,2,2,7,0
10184,18533.12,529.5177142857143,35,35,24.97142857142857,15.172509417258793,32,963,0,1,1,1,3,0
10185,28941.420000000002,673.0562790697675,43,43,26.627906976744185,14.123643223187937,20,981,1,3,3,3,9,0
10186,22435.32,606.36,37,37,24.62162162162162,13.620555037131178,7,994,3,1,1,1,3,1
10187,25279.57,574.5356818181818,44,44,26.454545454545453,13.929147197479415,22,958,1,3,3,3,9,0
10188,24373.25,566.8197674418604,43,43,22.558139534883722,14.638992818564097,73,867,0,4,3,2,9,0
10189,27955.77,798.7362857142857,35,35,30.97142857142857,13.98841056918551,3,996,3,1,1,3,5,0
10190,23865.16,555.0037209302326,43,43,25.186046511627907,14.20304429800592,11,988,1,2,4,2,8,0
10191,29029.13,675.096046511628,43,43,25.325581395348838,15.056593129846503,4,992,2,1,2,4,7,0
10192,31034.6,838.772972972973,37,36,31.243243243243242,12.682896193529922,1,971,2,4,1,4,9,0
10193,25932.66,664.9399999999999,39,39,23.743589743589745,13.212270908670568,14,990,1,2,2,3,7,0
10194,28691.93,610.4665957446808,47,47,22.127659574468087,14.599906225542497,12,981,2,1,4,3,8,0
10195,23781.59,566.2283333333334,42,42,21.976190476190474,13.66942126852825,28,974,1,5,3,4,12,0
10196,18447.22,542.5652941176471,34,34,23.764705882352942,14.129399445792176,24,892,1,5,1,1,7,0
10197,25709.35,642.73375,40,40,25.35,14.246097081351161,4,986,1,1,2,2,5,0
10198,20890.52,596.872,35,35,27.0,12.714049662618493,53,903,0,3,1,1,5,0
10199,27534.22,786.692,35,34,27.742857142857144,14.082410507945212,18,987,1,3,2,5,10,0
10200,29168.02,583.3604,50,50,24.92,13.178275257996027,8,988,3,1,5,4,10,0
10201,38631.67,677.748596491228,57,57,26.087719298245613,14.40148888849739,13,979,2,5,5,5,15,0
10202,30126.17,700.6086046511628,43,43,27.023255813953487,13.388851745091838,8,982,2,1,2,3,6,0
10203,33443.29,796.2688095238095,42,41,27.023809523809526,15.214704208690875,2,992,4,5,3,5,13,0
10204,26360.05,675.898717948718,39,39,26.487179487179485,10.970946787506765,52,923,0,4,2,3,9,0
10205,18368.170000000002,633.3851724137932,29,29,25.137931034482758,13.257677392824759,57,935,0,3,1,1,5,0
10206,23006.71,479.3064583333333,48,48,22.208333333333332,15.850308183235622,14,987,5,1,4,1,6,0
10207,23096.920000000002,607.8136842105264,38,38,24.94736842105263,14.44457696502169,29,938,1,1,1,2,4,0
10208,26484.02,529.6804,50,50,23.6,15.282376137504377,27,973,1,3,5,3,11,0
10209,20219.19,481.40928571428566,42,42,22.523809523809526,13.953298578871111,0,960,3,3,3,1,7,0
10210,22500.68,562.517,40,40,25.1,13.861586840747695,17,953,1,2,2,1,5,0
10211,24827.74,591.1366666666667,42,41,25.30952380952381,15.762703889690163,34,963,0,2,2,2,6,0
10212,25425.12,591.2818604651162,43,43,24.58139534883721,14.694074863763372,50,954,0,4,2,2,8,0
10213,25342.44,517.1926530612245,49,49,23.591836734693878,15.118860141319818,21,984,2,4,5,3,12,0
10214,25051.1,596.4547619047619,42,42,23.761904761904763,13.97351069564983,41,956,0,5,2,3,10,0
10215,35907.5,619.0948275862069,58,58,24.5,14.74490694110188,0,1004,1,1,5,5,11,0
10216,26287.41,611.3351162790698,43,43,23.441860465116278,15.09383716176177,41,955,0,5,3,3,11,0
10217,26314.36,657.859,40,40,26.075,13.001750375257664,28,949,1,1,2,2,5,0
10218,25822.29,573.8286666666667,45,45,23.533333333333335,13.04293608886365,5,982,2,1,3,2,6,0
10219,27662.84,564.5477551020408,49,49,25.367346938775512,14.479430636755916,30,974,1,3,5,4,12,0
10220,29399.32,599.9861224489796,49,49,25.06122448979592,14.580820969206584,41,955,0,4,5,5,14,0
10221,26172.02,654.3005,40,40,26.95,15.338822874636996,36,917,0,3,2,3,8,0
10222,28043.760000000002,683.9941463414634,41,41,23.70731707317073,15.959705358243657,39,875,0,4,2,4,10,0
10223,14604.57,471.1151612903226,31,31,19.774193548387096,14.242447536429859,88,866,0,1,1,1,3,0
10224,33922.409999999996,605.7573214285713,56,56,23.660714285714285,13.819981299440427,8,968,1,5,5,5,15,0
10225,28730.48,638.4551111111111,45,44,26.444444444444443,13.728794483850283,1,964,3,1,4,3,8,0
10226,27720.96,602.6295652173912,46,46,26.217391304347824,12.913237038839487,1,979,4,4,5,3,12,0
10227,20081.26,467.00604651162786,43,43,24.348837209302324,15.18909966442137,16,989,3,5,2,1,8,0
10228,31123.870000000003,723.8109302325582,43,43,26.813953488372093,12.791842292487834,0,995,2,5,4,5,14,0
10229,20914.57,633.7748484848485,33,33,22.757575757575758,11.779299382365402,39,958,0,5,1,1,7,0
10230,34640.26,679.2207843137255,51,51,26.07843137254902,13.952552651403831,7,983,4,3,5,5,13,0
10231,30437.29,661.6802173913044,46,46,25.32608695652174,14.829481668960929,8,997,2,3,4,4,11,0
10232,34070.38,630.932962962963,54,54,25.11111111111111,13.70396811651154,7,979,1,2,5,5,12,0
10233,29174.15,634.2206521739131,46,46,26.195652173913043,15.682431168125532,10,974,1,3,5,4,12,0
10234,27349.16,701.2605128205129,39,39,29.82051282051282,13.513875510342759,44,946,0,5,2,3,10,0
10235,23233.87,595.7402564102564,39,39,25.17948717948718,14.606904990938531,15,893,1,2,2,2,6,0
10236,26757.43,594.6095555555555,45,45,24.533333333333335,12.871038666853439,1,984,1,5,4,3,12,0
10237,19377.28,605.54,32,32,26.875,13.163365585912555,13,933,1,5,1,1,7,0
10238,35787.52,701.7160784313725,51,51,25.41176470588235,14.37104932924278,11,994,3,4,5,5,14,0
10239,23607.14,605.3112820512821,39,39,22.23076923076923,13.897105981313896,2,1000,1,4,3,2,9,0
10240,23854.79,596.3697500000001,40,40,23.3,13.401492454200762,24,929,2,2,2,2,6,0
10241,19993.5,555.375,36,36,20.5,14.183491409784427,12,924,1,3,2,1,6,0
10242,25452.17,565.6037777777777,45,45,23.88888888888889,13.979241464371086,8,977,4,4,3,2,9,0
10243,29817.83,693.4379069767442,43,43,27.488372093023255,14.506767046587761,2,903,3,4,2,4,10,0
10244,31970.850000000002,761.2107142857143,42,42,27.261904761904763,15.672034319067375,18,974,2,3,4,5,12,0
10245,32982.32,673.1085714285714,49,48,24.306122448979593,12.96180941849403,48,930,0,5,5,5,15,0
10246,27737.38,711.2148717948718,39,39,26.71794871794872,13.68815992006599,0,966,2,2,2,3,7,0
10247,26624.52,665.613,40,40,24.9,12.630447542672632,23,863,1,2,2,3,7,0
10248,27637.93,727.313947368421,38,38,27.342105263157894,14.222700385612095,8,977,1,5,1,3,9,0
10249,23568.04,636.974054054054,37,37,26.64864864864865,13.544609867266626,13,992,2,2,1,2,5,0
10250,23118.37,550.437380952381,42,42,22.904761904761905,15.245646357854337,28,951,1,4,3,2,9,0
10251,15062.67,456.44454545454545,33,32,24.12121212121212,16.12210744551867,47,875,0,5,1,1,7,0
10252,31697.6,633.952,50,50,22.68,15.175759403383667,2,955,4,5,5,4,14,0
10253,25739.72,643.493,40,40,26.725,13.79332335700027,33,926,0,3,2,3,8,0
10254,20292.52,520.3210256410257,39,39,21.128205128205128,12.892632508896183,48,950,0,4,3,2,9,0
10255,26162.79,688.4944736842106,38,38,23.07894736842105,14.163870250875698,70,908,0,3,2,3,8,0
10256,32849.65,714.1228260869566,46,46,26.73913043478261,13.427061865432968,68,914,0,1,4,4,9,0
10257,27800.79,678.0680487804879,41,41,26.073170731707318,15.371060867588872,5,987,1,2,2,3,7,0
10258,42228.94,754.0882142857143,56,56,27.571428571428573,13.877197965606147,13,980,1,5,5,5,15,0
10259,28960.18,603.3370833333333,48,48,26.895833333333332,14.121418142474571,8,978,1,4,5,5,14,0
10260,20925.09,536.5407692307692,39,39,23.641025641025642,14.738933724711245,2,998,3,5,3,1,9,0
10261,20118.07,467.8620930232558,43,43,21.558139534883722,13.589741098450832,41,959,0,1,2,1,4,0
10262,30409.16,707.1897674418605,43,43,26.162790697674417,14.032157341108519,55,940,0,1,3,4,8,0
10263,24338.18,657.7886486486486,37,37,25.64864864864865,15.59418733626984,54,944,0,4,2,2,8,0
10264,28949.27,590.8014285714286,49,49,23.3265306122449,14.28925551347066,0,1003,2,2,4,3,9,0
10265,29809.5,677.4886363636364,44,44,24.84090909090909,15.022375840675807,10,984,1,5,3,3,11,0
10266,24061.5,707.6911764705883,34,34,25.88235294117647,12.484571583728195,0,976,2,3,1,2,6,0
10267,32084.82,822.6876923076923,39,39,27.512820512820515,14.254956284656325,29,962,1,5,3,5,13,0
10268,28213.05,600.2776595744681,47,47,23.872340425531913,12.708465205586045,2,978,3,3,4,4,11,0
10269,27557.51,574.1147916666666,48,48,23.208333333333332,13.894677280800323,22,978,1,2,5,4,11,0
10270,32949.93,686.456875,48,48,27.4375,14.696802735231152,50,915,0,3,5,5,13,0
10271,26498.29,529.9658000000001,50,50,23.92,13.08034824475563,12,960,1,2,5,3,10,0
10272,37702.09,711.3601886792452,53,53,24.9811320754717,12.12671964972349,12,992,2,5,5,5,15,0
10273,21157.3,622.2735294117647,34,34,27.529411764705884,13.760363134121414,0,955,3,4,1,1,6,0
10274,21841.16,546.029,40,40,25.025,12.488943828391491,17,978,1,5,2,2,9,0
10275,26623.24,578.7660869565218,46,46,23.434782608695652,14.407794455182998,32,966,0,1,3,2,6,0
10276,31178.87,611.3503921568628,51,51,25.274509803921568,14.479058576264613,19,930,1,4,5,5,14,0
10277,30535.59,710.13,43,43,26.023255813953487,13.894994597392706,3,985,2,4,3,4,11,0
10278,27556.12,672.1004878048781,41,41,23.048780487804876,15.54501723947612,10,995,1,3,3,4,10,0
10279,20299.57,548.637027027027,37,37,22.72972972972973,13.674080608233975,9,975,1,3,1,1,5,0
10280,26896.97,640.4040476190477,42,42,24.714285714285715,13.320231658217187,63,940,0,1,3,3,7,0
10281,24940.18,733.5347058823529,34,34,25.08823529411765,14.833148069102819,63,919,0,2,1,2,5,0
10282,27462.11,560.4512244897959,49,49,23.571428571428573,14.24926898709778,15,983,1,4,4,3,11,0
10283,18722.05,603.9370967741935,31,31,27.387096774193548,15.869630156066101,136,843,0,4,1,1,6,0
10284,26997.2,674.9300000000001,40,39,23.6,15.138336459770963,0,987,2,5,4,4,13,0
10285,20888.31,673.8164516129033,31,30,25.93548387096774,15.191961654925647,2,995,2,4,1,1,6,0
10286,23028.38,535.5437209302326,43,43,23.813953488372093,14.762010145017335,4,934,2,4,3,1,8,0
10287,32940.14,748.6395454545454,44,44,26.5,13.18296998685875,66,904,0,3,3,4,10,0
10288,25191.26,572.5286363636363,44,44,23.477272727272727,14.948731977590723,1,997,2,1,4,3,8,0
10289,19289.760000000002,551.1360000000001,35,35,24.02857142857143,15.000952350719984,15,977,1,2,1,1,4,0
10290,22990.78,676.1994117647058,34,34,26.352941176470587,16.327857498192575,45,919,0,1,1,2,4,0
10291,22629.3,580.2384615384615,39,38,25.256410256410255,15.244874805234069,24,880,2,4,2,2,8,0
10292,28703.29,521.878,55,55,22.254545454545454,13.512981662115635,3,998,1,4,5,4,13,0
10293,25785.2,573.0044444444445,45,45,20.155555555555555,13.73276697861319,24,969,1,2,4,3,9,0
10294,19438.6,539.9611111111111,36,36,24.13888888888889,12.46744968256546,10,995,2,3,1,1,5,0
10295,30239.350000000002,703.2406976744187,43,43,24.11627906976744,13.45576403720828,9,957,1,5,3,4,12,0
10296,32761.53,780.0364285714286,42,42,27.19047619047619,12.764734375228924,45,955,0,3,3,5,11,0
10297,17423.89,527.9966666666667,33,33,25.151515151515152,16.904365582818414,1,959,1,3,1,1,5,0
10298,18438.62,635.8144827586207,29,29,24.17241379310345,13.92856511304644,20,967,1,1,1,1,3,0
10299,33671.49,673.4298,50,50,25.98,14.68233702133837,10,964,2,1,4,5,10,0
10300,21538.91,566.8134210526316,38,38,24.026315789473685,13.189854500161085,62,919,0,2,2,1,5,0
10301,31713.1,647.2061224489796,49,49,25.653061224489797,13.560898170242025,0,1004,2,1,5,5,11,0
10302,29964.42,713.4385714285714,42,42,25.642857142857142,13.397891040031542,30,962,1,1,2,4,7,0
10303,41155.57,791.4532692307693,52,51,27.21153846153846,12.254389431213008,21,931,1,4,5,5,14,0
10304,25503.65,671.1486842105263,38,38,27.13157894736842,14.205387353816764,2,992,1,1,1,2,4,1
10305,24809.05,551.3122222222222,45,45,24.533333333333335,13.948932836340106,35,970,0,4,3,2,9,0
10306,22973.7,638.1583333333333,36,36,26.666666666666668,13.281566172707194,1,989,1,1,1,2,4,0
10307,30641.13,625.3291836734694,49,49,26.3265306122449,14.747016301473268,8,932,2,1,4,4,9,0
10308,30616.93,695.8393181818182,44,43,24.022727272727273,12.915627160426467,27,954,1,4,4,5,13,0
10309,28818.54,670.1986046511628,43,43,23.13953488372093,14.406647598126751,4,938,1,5,3,4,12,0
10310,32082.98,746.1158139534883,43,43,25.511627906976745,13.605622250034406,34,969,0,5,4,5,14,0
10311,21642.41,676.3253125,32,32,24.9375,12.466568195804536,40,873,0,4,1,1,6,0
10312,15310.08,478.44,32,32,21.9375,14.705578270100927,22,941,1,1,1,1,3,0
10313,25669.28,658.1866666666666,39,39,23.743589743589745,13.321367775352794,62,912,0,5,2,2,9,0
10314,36157.6,840.8744186046512,43,43,25.976744186046513,16.78645765418834,2,1001,1,1,2,5,8,0
10315,21198.760000000002,504.732380952381,42,42,25.19047619047619,13.356715850249168,14,981,1,1,3,1,5,0
10316,22985.21,534.5397674418605,43,43,23.930232558139537,14.35169701071919,3,993,4,5,3,1,9,0
10317,35106.77,662.3918867924527,53,53,25.056603773584907,13.587911899268898,1,998,1,5,5,5,15,0
10318,25916.63,785.3524242424243,33,33,25.21212121212121,14.755841164936971,55,935,0,4,1,3,8,0
10319,27138.29,589.9628260869565,46,46,24.456521739130434,13.29612562071144,47,922,0,3,4,3,10,0
10320,14761.17,434.1520588235294,34,34,23.235294117647058,15.149875134057709,2,997,2,4,1,1,6,0
10321,19992.35,555.3430555555556,36,36,24.333333333333332,15.254039277703276,11,917,1,2,1,1,4,0
10322,19444.97,525.5397297297297,37,37,18.89189189189189,12.036481083642215,3,978,1,3,2,2,7,0
10323,22276.86,543.3380487804878,41,40,23.5609756097561,11.768705919700357,7,990,3,2,3,2,7,0
10324,20936.06,598.1731428571429,35,35,23.885714285714286,13.847427938220214,1,985,2,2,2,3,7,0
10325,21288.41,591.3447222222222,36,36,24.083333333333332,15.481555846508819,23,972,1,1,1,1,3,1
10326,28585.51,621.4241304347826,46,46,24.847826086956523,15.000692415580684,9,961,2,4,5,4,13,0
10327,27121.28,616.3927272727273,44,44,26.204545454545453,14.661418354329726,36,922,0,2,3,3,8,0
10328,25036.62,544.2743478260869,46,46,23.32608695652174,14.999339760026604,18,943,1,3,4,4,11,0
10329,25817.15,661.9782051282052,39,39,23.076923076923077,13.611884542917508,11,984,2,2,3,4,9,0
10330,31132.010000000002,741.2383333333333,42,42,23.404761904761905,15.537616861887345,118,881,0,3,3,4,10,0
10331,18746.33,551.3626470588235,34,34,22.08823529411765,13.607857906057214,21,948,2,5,1,1,7,0
10332,33267.23,756.0734090909092,44,44,23.34090909090909,13.262893124731683,20,980,1,4,4,5,13,0
10333,22139.16,461.2325,48,48,20.541666666666668,14.625769059005954,8,963,1,4,4,1,9,0
10334,23444.77,520.9948888888889,45,45,22.155555555555555,13.355209326761456,11,950,1,5,4,2,11,0
10335,33634.18,747.4262222222222,45,45,26.333333333333332,15.325261379945083,3,1002,3,3,4,5,12,0
10336,22276.15,518.0500000000001,43,43,22.58139534883721,14.150942351490798,19,986,1,4,3,2,9,0
10337,15684.59,490.1434375,32,32,19.0625,11.472090958833176,13,947,1,2,1,1,4,0
10338,36478.8,628.944827586207,58,58,23.862068965517242,13.87595203101719,1,957,1,1,5,5,11,0
10339,25377.44,618.9619512195121,41,41,21.73170731707317,11.741005898652597,33,929,0,4,3,3,10,0
10340,24388.73,609.71825,40,40,24.725,11.836465818686044,23,937,1,1,2,3,6,0
10341,34577.229999999996,677.9849019607842,51,51,25.96078431372549,16.10088293766988,7,952,1,5,4,5,14,0
10342,36566.49,703.2017307692307,52,52,26.76923076923077,14.67105377962077,14,969,1,5,5,5,15,0
10343,23722.34,527.1631111111111,45,45,26.177777777777777,13.273844563461992,39,966,0,2,3,2,7,0
10344,22928.78,509.5284444444444,45,43,22.4,14.783897874499688,54,950,0,2,4,2,8,0
10345,19620.53,516.3297368421053,38,38,27.473684210526315,14.327702975223575,12,980,1,1,1,1,3,0
10346,23590.39,760.9803225806452,31,31,29.483870967741936,13.43098648087557,15,979,1,4,1,2,7,0
10347,26222.64,582.7253333333333,45,45,23.288888888888888,14.850194706746533,36,943,0,4,4,4,12,0
10348,17903.96,447.599,40,40,22.575,14.255700614140293,16,973,1,1,2,1,4,0
10349,22330.27,638.0077142857143,35,35,24.02857142857143,15.572384520806871,2,991,2,4,1,2,7,0
10350,23878.260000000002,568.5300000000001,42,42,21.61904761904762,14.853680468526706,25,980,1,2,3,3,8,0
10351,27031.39,750.8719444444445,36,36,26.22222222222222,12.804265162406095,0,976,3,2,1,3,6,0
10352,20227.66,532.3068421052632,38,38,23.86842105263158,12.47737639745909,32,970,0,1,2,1,4,0
10353,21966.91,646.0855882352942,34,34,25.352941176470587,13.609004044651616,30,941,1,4,1,2,7,0
10354,26787.7,653.3585365853659,41,40,22.414634146341463,15.572372346171436,25,979,1,4,3,4,11,0
10355,26713.95,534.279,50,50,21.82,12.541669322213655,13,990,2,1,4,2,7,1
10356,33769.56,625.3622222222222,54,54,25.796296296296298,14.418776581223227,46,949,0,5,5,5,15,0
10357,23638.14,549.7241860465116,43,43,24.906976744186046,13.604645483714066,24,953,1,2,3,1,6,0
10358,20236.47,632.3896875,32,32,24.5,11.494739329713592,27,952,1,5,2,3,10,0
10359,35026.95,761.4554347826087,46,46,26.47826086956522,13.759423648192344,86,916,0,2,4,5,11,0
10360,36563.56,794.8599999999999,46,46,28.391304347826086,11.164384365511138,33,961,0,1,3,5,9,0
10361,20381.96,536.3673684210526,38,38,23.94736842105263,14.75923415654161,12,973,1,5,2,1,8,0
10362,23252.06,645.8905555555556,36,36,22.333333333333332,14.77449539868331,24,862,1,5,2,3,10,0
10363,35094.18,716.2077551020408,49,49,29.040816326530614,15.364948182570005,6,977,1,5,5,5,15,0
10364,23747.0,527.7111111111111,45,45,21.822222222222223,15.325689794484541,41,949,0,4,4,2,10,0
10365,18472.65,499.2608108108108,37,37,24.135135135135137,12.653857914490745,21,984,1,4,2,1,7,0
10366,24981.45,567.7602272727273,44,44,21.863636363636363,15.372265737724062,13,955,2,4,4,3,11,0
10367,37725.4,739.7137254901961,51,51,25.0,14.836441621898425,76,929,0,5,5,5,15,0
10368,30143.08,655.284347826087,46,46,24.934782608695652,13.686006111536855,57,940,0,3,4,4,11,0
10369,23652.85,762.9951612903226,31,31,25.64516129032258,14.947794457370122,8,990,1,4,1,1,6,0
10370,32930.45,731.7877777777777,45,42,26.488888888888887,14.64368033444372,2,998,3,3,4,5,12,0
10371,26994.97,771.2848571428572,35,35,28.65714285714286,14.07948623967186,4,995,1,4,1,3,8,0
10372,21628.9,491.56590909090914,44,44,23.318181818181817,13.509295210426503,10,984,1,3,3,1,7,0
10373,16807.65,525.2390625,32,32,20.3125,13.41265050422127,7,986,3,5,2,1,8,0
10374,32239.75,657.954081632653,49,49,22.877551020408163,14.798131431959613,0,971,4,5,5,5,15,0
10375,32621.81,604.1075925925926,54,54,23.59259259259259,15.583637425703701,15,980,1,3,5,5,13,0
10376,28084.96,597.552340425532,47,47,23.06382978723404,14.837385588466473,16,956,2,4,4,3,11,0
10377,29342.72,698.6361904761904,42,42,25.30952380952381,12.875554632123043,50,945,0,3,3,4,10,0
10378,21973.100000000002,593.8675675675677,37,37,24.513513513513512,14.559497895840328,8,994,1,5,2,2,9,0
10379,34148.67,669.5817647058823,51,51,26.54901960784314,13.491202652825574,7,998,1,2,5,5,12,0
10380,29231.77,521.9958928571428,56,56,23.857142857142858,13.283521673560367,9,890,1,5,5,4,14,0
10381,31440.47,628.8094,50,50,23.72,12.663687440545772,5,998,4,5,5,5,15,0
10382,30582.45,679.61,45,45,23.933333333333334,15.418996547942237,4,946,2,2,3,4,9,0
10383,22385.84,559.646,40,40,28.75,14.899234191299213,96,890,0,2,2,1,5,0
10384,26045.57,667.8351282051282,39,39,25.923076923076923,14.595213013689786,41,934,0,2,2,3,7,0
10385,19967.93,554.6647222222223,36,36,24.86111111111111,15.431235072832502,37,944,0,3,1,1,5,0
10386,26213.5,569.8586956521739,46,46,21.195652173913043,14.936338336371158,24,970,2,4,4,3,11,0
10387,24334.76,579.3990476190476,42,42,27.023809523809526,15.156883802318346,19,942,1,2,3,2,7,0
10388,32263.64,701.3834782608695,46,46,28.08695652173913,12.477225629934319,24,965,1,1,3,4,8,0
10389,26339.09,731.6413888888889,36,36,22.75,15.26223162862215,12,939,1,5,2,3,10,0
10390,19463.65,648.7883333333334,30,30,25.5,14.478878790655122,11,916,1,5,1,1,7,0
10391,28285.86,533.6954716981132,53,53,22.69811320754717,13.871089061647915,17,972,3,2,5,3,10,0
10392,26564.760000000002,632.4942857142858,42,42,23.952380952380953,14.150674173291275,27,976,1,4,3,3,10,0
10393,30187.42,628.9045833333333,48,48,24.9375,14.293885391119801,19,971,4,4,4,4,12,0
10394,25331.059999999998,603.1204761904761,42,42,24.904761904761905,15.228038202700422,14,983,1,3,4,3,10,0
10395,32697.47,653.9494,50,50,24.7,14.130947366308733,37,916,0,4,5,5,14,0
10396,32165.46,656.4379591836735,49,48,25.040816326530614,14.815474994738706,4,988,2,5,5,5,15,0
10397,30073.79,812.8051351351352,37,37,27.405405405405407,12.579656106100346,8,986,1,4,1,4,9,0
10398,35897.99,608.4405084745763,59,58,23.23728813559322,15.026802471550452,17,986,2,3,5,5,13,0
10399,22732.23,631.4508333333333,36,36,23.88888888888889,12.425268672640508,64,898,0,4,2,2,8,0
10400,34900.82,727.1004166666667,48,48,26.854166666666668,12.756291035912744,12,988,1,1,3,5,9,1
10401,19571.68,559.1908571428571,35,35,28.085714285714285,13.436936425547367,4,887,3,3,2,1,6,0
10402,33331.93,709.19,47,47,28.25531914893617,14.545981194737905,3,987,2,3,3,5,11,0
10403,28353.29,787.5913888888889,36,36,29.083333333333332,13.146156418186592,16,973,1,2,1,3,6,0
10404,20080.86,514.8938461538462,39,39,24.53846153846154,15.191490266534704,27,956,1,2,3,2,7,0
10405,20212.68,612.5054545454545,33,33,22.272727272727273,14.089607711165895,26,957,1,4,1,1,6,0
10406,28495.27,678.4588095238096,42,42,25.714285714285715,14.308935830427888,19,976,1,5,3,3,11,0
10407,27213.79,697.7894871794872,39,38,24.743589743589745,13.878643094447309,3,995,2,4,1,2,7,0
10408,18373.4,592.6903225806452,31,31,22.870967741935484,13.41825109191177,2,811,2,4,1,1,6,0
10409,28768.18,684.9566666666667,42,41,26.928571428571427,14.197892074981494,4,996,2,5,3,4,12,0
10410,19094.72,763.7888,25,25,29.28,13.138746769257207,2,1002,1,5,1,1,7,0
10411,29577.64,629.3114893617021,47,46,26.148936170212767,13.37092680506,47,948,0,2,4,3,9,0
10412,25076.989999999998,642.9997435897435,39,39,26.205128205128204,15.126100633602427,33,930,0,1,1,2,4,0
10413,28016.04,718.36,39,39,29.384615384615383,14.254482922954786,6,979,2,1,2,3,6,0
10414,37369.020000000004,762.6330612244899,49,49,27.102040816326532,14.32254181636879,86,917,0,2,5,5,12,0
10415,28580.59,608.0976595744681,47,47,23.46808510638298,12.976318000964861,18,952,2,3,4,3,10,0
10416,16325.23,480.15382352941174,34,34,25.91176470588235,12.046293651195697,23,922,2,5,1,1,7,0
10417,13249.18,529.9672,25,25,21.28,15.677797464354912,27,809,1,4,1,1,6,0
10418,23952.46,532.2768888888888,45,45,24.377777777777776,12.87048930497574,16,942,1,5,4,3,12,0
10419,44363.69,715.5433870967743,62,61,25.741935483870968,13.944780425324865,21,983,3,5,5,5,15,0
10420,31989.76,727.04,44,44,26.227272727272727,14.218990963388132,29,965,1,5,3,5,13,0
10421,35310.87,767.6276086956523,46,46,30.0,13.104706533659323,34,967,0,3,4,5,12,0
10422,30254.55,756.36375,40,40,26.675,14.793254699875366,4,993,1,1,2,4,7,0
10423,25123.54,612.7692682926829,41,41,25.317073170731707,14.543794251140662,19,955,1,3,3,3,9,0
10424,22567.170000000002,663.7402941176471,34,34,25.61764705882353,14.649469337544543,36,959,0,5,2,2,9,0
10425,29149.7,747.4282051282051,39,39,26.641025641025642,12.984782955215776,8,965,1,3,3,4,10,0
10426,22355.76,604.2097297297297,37,37,27.594594594594593,13.807122677684754,10,933,1,4,1,2,7,0
10427,31362.16,614.9443137254902,51,50,23.098039215686274,13.014230521949095,26,961,1,3,5,5,13,0
10428,23425.94,633.1335135135134,37,36,25.783783783783782,12.320117097060614,93,897,0,2,2,2,6,0
10429,21860.52,705.1780645161291,31,31,27.225806451612904,12.963306361725662,7,974,2,3,1,2,6,0
10430,22718.96,631.0822222222222,36,36,24.166666666666668,12.670550782931937,4,962,1,3,1,2,6,0
10431,22892.82,545.0671428571428,42,42,21.071428571428573,12.805092083825924,54,922,0,3,2,1,6,0
10432,20589.16,605.5635294117646,34,34,26.705882352941178,12.054244598241095,1,962,1,3,1,1,5,0
10433,26750.46,685.9092307692307,39,39,27.17948717948718,14.685961421983553,60,929,0,2,2,2,6,0
10434,30522.68,709.8297674418604,43,43,28.674418604651162,15.024933135470517,14,916,1,3,3,4,10,0
10435,21634.81,569.3371052631579,38,38,22.57894736842105,13.627538848898435,16,970,3,4,3,2,9,0
10436,14794.35,477.23709677419356,31,31,18.06451612903226,14.116032218417393,38,935,0,5,1,1,7,0
10437,32330.5,718.4555555555555,45,45,28.2,14.152738250953417,0,999,2,1,3,4,8,0
10438,22701.17,667.6814705882352,34,34,26.38235294117647,14.996999105644038,7,998,1,5,2,4,11,0
10439,33070.19,718.9171739130435,46,46,24.76086956521739,13.546930415097641,53,851,0,5,3,5,13,0
10440,27735.59,577.8247916666667,48,48,23.75,13.56073807066845,39,951,0,2,4,3,9,0
10441,24163.56,732.2290909090909,33,33,26.151515151515152,11.297458818582866,23,974,1,1,1,2,4,0
10442,18815.06,409.0230434782609,46,46,19.717391304347824,13.2993952134478,65,929,0,4,5,1,10,0
10443,27569.79,626.5861363636363,44,44,25.704545454545453,12.505960523917896,36,949,0,5,4,4,13,0
10444,34190.98,697.7751020408164,49,49,24.244897959183675,14.553823398344646,13,956,2,1,4,5,10,0
10445,27996.8,583.2666666666667,48,48,28.645833333333332,13.63582512906185,23,951,1,1,4,3,8,0
10446,29169.69,634.1236956521739,46,46,23.67391304347826,14.272046256505268,6,999,1,3,5,4,12,0
10447,19428.420000000002,607.1381250000001,32,32,24.34375,13.715094992203348,11,988,3,3,1,1,5,0
10448,25065.86,596.8061904761905,42,42,25.714285714285715,14.469961677239045,9,996,1,4,3,2,9,0
10449,33587.18,699.7329166666667,48,48,24.770833333333332,15.121127368943142,28,947,1,3,5,5,13,0
10450,25637.52,712.1533333333333,36,36,28.38888888888889,13.273556478476351,13,938,1,4,1,2,7,0
10451,27838.12,695.953,40,40,24.075,15.941218143461807,0,978,3,4,3,4,11,0
10452,23842.77,596.06925,40,40,24.725,14.551389923919594,21,949,1,3,2,2,7,0
10453,22398.62,589.4373684210526,38,38,26.0,13.534740085764087,32,919,0,3,2,1,6,0
10454,25264.43,574.1915909090909,44,44,28.522727272727273,14.095172580122068,44,920,0,2,4,3,9,0
10455,35454.88,695.193725490196,51,50,25.529411764705884,13.22929014146484,57,942,0,4,5,5,14,0
10456,25004.26,658.0068421052631,38,38,23.63157894736842,14.24006728770843,2,985,2,3,1,2,6,0
10457,28614.81,794.8558333333334,36,36,28.75,11.601416169712092,50,949,0,2,2,3,7,0
10458,26255.58,558.6293617021277,47,47,25.404255319148938,13.616900583415172,12,977,2,5,4,3,12,0
10459,16956.329999999998,446.21921052631575,38,38,20.605263157894736,14.451296535276615,34,967,0,3,2,1,6,0
10460,18667.65,549.0485294117648,34,34,22.235294117647058,13.477385825847392,49,950,0,5,1,1,7,0
10461,28833.829999999998,588.4455102040816,49,49,21.489795918367346,14.09214090811434,15,982,2,1,4,3,8,0
10462,31062.44,517.7073333333333,60,60,23.083333333333332,13.243855840129198,0,995,2,5,5,4,14,0
10463,29264.66,585.2932,50,50,22.4,14.15944193527299,0,956,3,2,5,3,10,0
10464,28843.38,703.4970731707317,41,41,23.70731707317073,14.304271918624563,4,1001,2,5,3,3,11,0
10465,33899.46,664.695294117647,51,51,27.137254901960784,14.817583619258759,11,976,1,5,5,5,15,0
10466,26675.34,606.2577272727273,44,44,24.431818181818183,14.43090631535152,23,962,2,1,3,2,6,0
10467,29485.65,670.1284090909091,44,44,27.022727272727273,14.727744165450453,7,989,1,3,3,4,10,0
10468,23875.65,663.2125000000001,36,36,25.13888888888889,14.89995738781592,1,989,3,3,1,2,6,0
10469,16647.81,520.2440625,32,32,24.96875,15.51374910491731,20,977,1,3,1,1,5,0
10470,23690.61,577.819756097561,41,41,24.48780487804878,13.959086558975686,16,988,1,2,2,2,6,0
10471,26732.15,703.4776315789474,38,38,26.289473684210527,14.500527287219484,11,991,1,2,2,2,6,0
10472,25886.37,699.6316216216215,37,37,24.7027027027027,15.331276791188921,15,950,2,4,1,3,8,0
10473,37800.91,741.1943137254902,51,51,25.19607843137255,14.605505274167184,99,901,0,1,5,5,11,0
10474,23774.01,609.5899999999999,39,39,27.897435897435898,12.879593961797967,17,947,3,5,3,4,12,0
10475,28352.5,630.0555555555555,45,45,23.977777777777778,12.976357677941007,60,926,0,4,4,3,11,0
10476,33079.77,675.0973469387754,49,49,25.428571428571427,14.115594213493102,61,920,0,1,4,5,10,0
10477,22294.89,619.3025,36,36,23.833333333333332,14.744490496453242,17,978,1,3,2,2,7,0
10478,20196.3,631.134375,32,32,22.625,14.665628017963986,20,962,2,3,1,2,6,0
10479,31545.17,657.1910416666666,48,48,26.4375,14.178056539386578,1,1001,1,4,5,5,14,0
10480,30555.82,745.2639024390244,41,40,25.536585365853657,13.667658104034519,5,995,1,2,2,4,8,0
10481,26436.1,629.4309523809524,42,42,25.142857142857142,14.577917527634348,35,964,0,3,3,3,9,0
10482,30533.239999999998,598.6909803921568,51,51,23.019607843137255,14.084729597799784,8,960,2,2,5,4,11,0
10483,21005.94,567.728108108108,37,37,22.64864864864865,14.226767057237595,40,929,0,3,2,1,6,0
10484,28973.94,706.6814634146341,41,41,26.70731707317073,14.866478907998061,1,1004,5,4,2,4,10,0
10485,22247.83,585.4692105263158,38,38,24.86842105263158,14.463693694121934,0,971,2,3,2,1,6,0
10486,27548.83,655.9245238095239,42,42,26.523809523809526,16.201833824598594,42,963,0,3,2,3,8,0
10487,21856.35,590.7121621621621,37,37,22.594594594594593,13.454572662315424,25,938,1,5,1,1,7,0
10488,27030.010000000002,711.316052631579,38,38,25.605263157894736,15.198754347401632,9,985,1,4,3,3,10,0
10489,19066.45,529.6236111111111,36,36,22.63888888888889,15.407146352591019,2,981,5,5,1,1,7,0
10490,20578.56,587.9588571428571,35,35,25.37142857142857,12.520772655837165,33,937,0,3,2,2,7,0
10491,26340.54,711.9064864864865,37,37,27.16216216216216,14.846461444311148,14,989,1,2,2,4,8,0
10492,24337.49,579.4640476190476,42,42,23.642857142857142,14.267174380667052,20,976,1,1,3,2,6,0
10493,28676.37,637.2526666666666,45,44,27.6,14.545227270951676,1,977,2,5,4,4,13,0
10494,23271.88,664.9108571428571,35,35,23.97142857142857,13.797880728758384,10,985,1,4,1,2,7,0
10495,23038.77,658.2505714285714,35,35,25.0,14.935153950643155,6,975,1,5,1,2,8,0
10496,30628.51,651.6704255319148,47,47,23.382978723404257,12.29449009054438,4,952,2,5,4,4,13,0
10497,32443.76,720.9724444444444,45,45,25.555555555555557,13.609080450459196,4,958,2,2,4,5,11,0
10498,24809.53,563.8529545454545,44,44,25.84090909090909,12.57524918948288,17,936,1,5,3,3,11,0
10499,32620.05,639.6088235294118,51,51,23.96078431372549,13.886627789803724,33,968,0,1,5,4,10,0
10500,17024.53,500.72147058823526,34,34,23.970588235294116,16.79012208542552,8,982,2,3,1,1,5,0
10501,26628.99,605.2043181818182,44,44,24.545454545454547,14.982865477875665,73,884,0,3,4,3,10,0
10502,33375.1,565.6796610169491,59,59,21.52542372881356,15.831391700650553,21,972,3,3,5,5,13,0
10503,25353.510000000002,603.6550000000001,42,42,26.714285714285715,14.567397133099979,0,986,1,2,3,3,8,0
10504,27022.37,772.0677142857143,35,35,28.285714285714285,14.474259970052778,7,964,1,3,1,3,7,0
10505,30626.77,612.5354,50,50,24.72,13.543640724769418,3,977,2,1,4,3,8,0
10506,18771.96,605.5470967741935,31,31,25.06451612903226,15.427109221261487,34,904,0,1,1,1,3,0
10507,36893.49,784.9678723404255,47,47,25.425531914893618,14.421820244595951,11,968,1,1,4,5,10,0
10508,33884.42,555.4822950819672,61,61,26.19672131147541,15.385945612940779,6,987,1,2,5,5,12,0
10509,11979.92,460.7661538461538,26,26,21.423076923076923,12.067056233972151,37,965,0,4,1,1,6,0
10510,30731.9,590.998076923077,52,52,23.153846153846153,14.500013002542671,22,978,1,2,5,4,11,0
10511,20045.36,488.91121951219515,41,41,23.48780487804878,16.064124550095332,34,951,0,1,2,1,4,1
10512,27405.84,622.86,44,44,24.386363636363637,14.667185188476536,37,954,0,1,3,3,7,0
10513,19634.56,633.3729032258065,31,31,25.677419354838708,11.411652222689442,5,957,3,5,1,1,7,0
10514,28791.54,685.5128571428571,42,42,26.571428571428573,13.543323181090246,64,895,0,2,3,4,9,0
10515,29364.26,624.771489361702,47,47,24.51063829787234,13.62681553986961,6,985,2,5,5,5,15,0
10516,25994.52,618.9171428571428,42,42,24.833333333333332,13.368905799519375,27,886,2,4,2,2,8,0
10517,24732.85,562.1102272727272,44,44,23.795454545454547,13.415679035167397,14,968,2,5,3,2,10,0
10518,26306.5,571.8804347826087,46,46,24.565217391304348,12.519588516335412,13,988,2,1,4,3,8,0
10519,23512.35,559.8178571428571,42,42,23.166666666666668,14.80098326771086,2,974,1,2,2,2,6,0
10520,25087.51,583.430465116279,43,43,24.930232558139537,15.07662231472353,5,914,2,5,3,2,10,0
10521,34986.06,760.5665217391304,46,46,25.847826086956523,14.563222157665747,41,939,0,3,5,5,13,0
10522,25214.899999999998,600.3547619047619,42,42,25.714285714285715,12.38072009073611,4,989,1,4,3,3,10,0
10523,34102.97,668.6856862745099,51,51,25.50980392156863,13.937535720520481,7,983,7,4,5,5,14,0
10524,42261.84,768.3970909090908,55,54,27.236363636363638,15.43920411060828,0,916,4,2,5,5,12,0
10525,29738.0,619.5416666666666,48,48,25.145833333333332,13.847174353948622,15,986,2,1,4,4,9,0
10526,28009.65,636.5829545454545,44,44,22.318181818181817,13.734649320829904,115,877,0,3,4,4,11,0
10527,24325.38,476.9682352941177,51,51,24.686274509803923,15.110910225500556,14,974,1,3,5,3,11,0
10528,25073.64,596.9914285714285,42,42,25.714285714285715,14.594161402366614,0,1005,3,1,2,2,5,0
10529,33748.87,749.9748888888889,45,45,27.666666666666668,12.779600221375544,7,975,2,4,4,5,13,0
10530,34877.58,742.076170212766,47,47,25.48936170212766,13.08645556095829,15,908,2,1,4,5,10,0
10531,24429.08,610.7270000000001,40,40,21.525,12.661242090808125,32,938,0,3,2,2,7,0
10532,24515.26,521.6012765957446,47,47,21.02127659574468,14.74049341646887,12,981,1,5,4,2,11,0
10533,21487.6,565.4631578947368,38,38,21.973684210526315,14.771204350073686,15,987,1,1,1,1,3,1
10534,18881.05,590.0328125,32,32,26.375,16.025685028889132,11,993,2,4,1,1,6,0
10535,33073.8,806.6780487804879,41,41,26.024390243902438,12.141844598079093,3,995,1,4,2,5,11,0
10536,30533.21,598.6903921568627,51,51,24.098039215686274,13.734998947158,1,993,1,2,4,4,10,0
10537,32296.71,751.0862790697674,43,43,27.13953488372093,12.91101669735844,3,1000,2,4,3,5,12,0
10538,20405.670000000002,637.6771875000001,32,32,26.46875,14.825837026906342,20,960,1,3,1,1,5,0
10539,32635.289999999997,666.0263265306122,49,48,23.367346938775512,15.735699695214036,29,917,1,2,5,5,12,0
10540,30649.010000000002,766.2252500000001,40,40,29.075,13.18388196206806,9,981,2,2,2,5,9,0
10541,27759.0,616.8666666666667,45,45,23.733333333333334,14.25960601266261,11,967,1,4,4,4,12,0
10542,26335.54,658.3885,40,40,25.45,14.743881825423427,30,959,1,5,3,4,12,0
10543,23068.48,678.484705882353,34,34,25.352941176470587,13.15843398838699,25,979,1,1,1,1,3,0
10544,17247.01,466.1354054054054,37,37,21.72972972972973,15.637648034024684,7,901,1,1,1,1,3,0
10545,22265.94,570.9215384615384,39,39,21.28205128205128,13.768669082852215,37,965,0,5,2,2,9,0
10546,32682.2,640.8274509803922,51,51,25.098039215686274,12.736176666426678,13,981,2,4,5,5,14,0
10547,24416.97,581.3564285714286,42,42,20.976190476190474,14.854560103391583,31,956,0,3,3,2,8,0
10548,36053.14,721.0628,50,50,27.36,14.2137616558096,1,997,4,4,5,5,14,0
10549,34792.27,632.5867272727272,55,55,24.072727272727274,14.872114778329207,2,984,2,5,5,5,15,0
10550,21923.08,509.8390697674419,43,43,21.790697674418606,14.710796390883878,2,975,1,4,3,1,8,0
10551,20744.58,560.6643243243244,37,37,23.135135135135137,13.325335439101133,58,938,0,1,1,1,3,0
10552,29640.7,644.3630434782609,46,46,23.195652173913043,14.091162818064992,76,927,0,5,4,4,13,0
10553,27017.23,628.3076744186046,43,43,28.813953488372093,13.238212751535913,18,909,1,3,3,3,9,0
10554,21280.79,591.1330555555555,36,36,22.416666666666668,13.374549391608355,34,928,0,1,1,1,3,0
10555,25742.72,585.0618181818182,44,44,22.65909090909091,14.386594505994648,11,987,1,3,3,3,9,0
10556,25114.329999999998,643.9571794871795,39,39,23.307692307692307,12.67021755754279,34,957,0,1,1,2,4,0
10557,18930.96,411.5426086956522,46,46,20.26086956521739,14.900312871597615,12,957,1,4,4,1,9,0
10558,24842.66,528.5672340425532,47,47,25.680851063829788,15.237405894389612,12,931,2,1,3,2,6,0
10559,34825.06,696.5011999999999,50,50,25.34,16.00460392945653,9,993,1,4,5,5,14,0
10560,35876.86,640.6582142857143,56,56,25.107142857142858,11.321224751330126,6,999,3,5,5,5,15,0
10561,25209.2,548.0260869565218,46,46,26.065217391304348,14.364156275509062,5,964,1,3,3,2,8,0
10562,27094.71,576.4831914893617,47,47,25.06382978723404,12.905011253333281,7,972,3,1,4,3,8,0
10563,28179.35,704.48375,40,40,24.325,13.34817283184174,5,975,1,1,1,3,5,1
10564,33734.72,803.2076190476191,42,42,28.69047619047619,14.627885323450025,75,922,0,3,3,5,11,0
10565,32805.85,618.9783018867925,53,53,25.90566037735849,14.234659963169253,14,975,1,2,5,5,12,0
10566,17096.57,449.90973684210525,38,38,20.18421052631579,11.802096156370297,42,958,0,3,2,1,6,0
10567,23113.82,550.3290476190476,42,42,22.142857142857142,15.724102097085924,22,976,3,2,4,2,8,0
10568,25661.44,657.985641025641,39,39,26.641025641025642,14.87931658639847,7,998,1,3,2,2,7,0
10569,22479.37,387.5753448275862,58,57,21.46551724137931,15.055704190609488,24,950,1,5,5,2,12,0
10570,38617.96,788.1216326530612,49,49,27.897959183673468,13.819136637828212,6,987,2,3,5,5,13,0
10571,18087.97,488.86405405405407,37,37,20.135135135135137,13.876763475845674,86,909,0,1,1,1,3,0
10572,40269.57,671.1595,60,60,28.266666666666666,13.9428210878217,8,997,4,3,5,5,13,0
10573,29041.15,631.329347826087,46,46,21.369565217391305,13.23859458074874,3,999,1,5,4,3,12,0
10574,28603.329999999998,608.5814893617021,47,47,26.51063829787234,14.300915659990222,7,978,1,4,4,4,12,0
10575,28739.29,718.48225,40,40,26.35,15.813901706393878,68,916,0,3,3,4,10,0
10576,16657.96,450.2151351351351,37,37,20.135135135135137,14.554804785442583,75,920,0,1,1,1,3,0
10577,20386.399999999998,550.9837837837837,37,37,22.594594594594593,14.164626244156134,51,936,0,1,1,1,3,0
10578,30485.71,609.7142,50,50,26.0,13.660609243293624,16,925,1,3,5,4,12,0
10579,32695.39,653.9078,50,50,24.26,14.282585371632095,21,975,1,3,5,5,13,0
10580,32490.95,706.325,46,46,25.26086956521739,14.26329365517375,13,967,2,1,5,5,11,0
10581,28380.149999999998,579.1867346938775,49,49,24.714285714285715,14.69835591713123,8,983,4,5,5,4,14,0
10582,30298.42,673.2982222222222,45,45,23.844444444444445,14.32885765217038,7,957,4,5,4,4,13,0
10583,42259.79,828.6233333333333,51,51,28.705882352941178,13.021972381551205,21,954,2,4,5,5,14,0
10584,29352.4,698.8666666666667,42,42,25.166666666666668,13.053205692924196,50,923,0,4,3,4,11,0
10585,25963.68,649.092,40,40,25.475,16.06555081772558,35,968,0,4,3,3,10,0
10586,22242.489999999998,635.4997142857143,35,35,24.714285714285715,13.281059996169308,3,961,1,5,1,2,8,0
10587,21165.65,470.3477777777778,45,45,21.42222222222222,14.337631490859177,8,991,1,2,3,1,6,0
10588,30040.55,625.8447916666667,48,48,25.416666666666668,14.168940159667093,36,957,0,1,4,4,9,0
10589,28458.06,711.4515,40,40,24.65,12.80134207707766,19,969,1,3,3,4,10,0
10590,18465.31,595.6551612903227,31,31,24.677419354838708,14.314065569162368,3,985,1,5,1,1,7,0
10591,32116.22,698.1786956521739,46,46,27.41304347826087,13.692781694433055,47,939,0,1,3,4,8,0
10592,24740.45,618.51125,40,40,26.85,15.634527864264452,4,977,3,1,2,2,5,0
10593,36246.28,724.9256,50,50,25.2,14.940699106665601,28,971,1,1,4,5,10,1
10594,23378.85,687.6132352941177,34,34,26.38235294117647,12.540877901419996,37,964,0,2,1,1,4,0
10595,25900.25,631.7134146341464,41,41,25.951219512195124,14.455018539441927,42,923,0,4,4,3,11,0
10596,29305.260000000002,697.7442857142858,42,41,23.761904761904763,13.922800257674412,34,936,0,2,2,3,7,0
10597,28765.05,653.7511363636363,44,44,24.136363636363637,14.624908521424752,3,993,3,4,4,4,12,0
10598,33876.08,720.7676595744681,47,46,26.27659574468085,15.76140322551811,7,991,1,2,5,5,12,0
10599,19492.98,499.82,39,39,20.333333333333332,12.068517838037012,51,926,0,4,2,1,7,0
10600,31549.59,606.7228846153846,52,52,22.73076923076923,15.395588093022468,16,988,3,2,5,4,11,0
10601,23297.48,568.2312195121951,41,41,23.51219512195122,12.837682717725018,18,940,1,4,3,2,9,0
10602,18555.36,530.1531428571428,35,35,21.314285714285713,13.28593114488234,8,967,1,1,1,1,3,0
10603,21685.1,461.3851063829787,47,47,21.93617021276596,16.470532653300598,24,974,1,4,4,1,9,0
10604,29433.53,654.0784444444445,45,45,26.822222222222223,12.85812245747073,31,964,0,4,3,3,10,0
10605,36446.12,578.5098412698413,63,63,23.77777777777778,13.26217571364134,5,995,2,4,5,5,14,0
10606,27634.82,600.7569565217391,46,46,21.934782608695652,14.647566614611062,3,1002,2,1,3,3,7,0
10607,30266.22,672.5826666666667,45,45,23.377777777777776,13.820750027155952,8,980,2,3,3,4,10,0
10608,23137.22,593.2620512820513,39,39,24.58974358974359,14.757189057537078,19,958,1,5,2,1,8,0
10609,26937.41,585.5958695652174,46,46,22.26086956521739,15.975585237214236,7,989,1,2,3,3,8,0
10610,23315.15,597.824358974359,39,39,24.487179487179485,12.577908358604894,4,1000,1,1,2,2,5,0
10611,30533.13,636.1068750000001,48,48,24.416666666666668,14.67931434037524,30,946,1,4,5,4,13,0
10612,28165.0,686.9512195121952,41,41,26.853658536585368,13.979558246972177,26,973,3,2,2,3,7,0
10613,22791.19,569.7797499999999,40,40,23.65,13.438463740037687,3,979,4,2,2,2,6,0
10614,26848.1,596.6244444444444,45,45,24.466666666666665,13.369911946402095,2,975,3,1,4,4,9,0
10615,14393.69,389.01864864864865,37,37,21.81081081081081,13.590923927872351,28,935,1,1,1,1,3,1
10616,23296.38,582.4095,40,40,22.95,13.448763168753876,14,955,2,4,3,2,9,0
10617,36592.72,641.9775438596491,57,57,27.157894736842106,13.3320096460739,1,977,3,5,5,5,15,0
10618,34759.5,681.5588235294117,51,51,26.725490196078432,13.86084908131179,92,895,0,3,4,5,12,0
10619,30583.739999999998,599.6811764705882,51,51,23.50980392156863,14.556610249669541,7,990,1,5,5,4,14,0
10620,27946.079999999998,681.6117073170731,41,41,25.29268292682927,13.524503507410214,93,912,0,5,3,3,11,0
10621,16632.82,489.2005882352941,34,33,21.323529411764707,12.501443766888865,46,947,0,5,1,1,7,0
10622,39859.01,752.0567924528302,53,53,24.452830188679247,13.843307238428709,29,923,1,3,5,5,13,0
10623,30614.19,612.2837999999999,50,50,24.56,13.760576637181856,4,1001,3,3,5,4,12,0
10624,21327.8,533.1949999999999,40,40,22.925,13.50666976738264,90,877,0,5,3,2,10,0
10625,32086.36,697.5295652173913,46,46,24.717391304347824,13.673434167478455,38,961,0,2,4,4,10,0
10626,15927.76,455.07885714285715,35,35,20.62857142857143,13.466921815815123,5,989,2,4,1,1,6,0
10627,28529.08,559.3937254901961,51,51,26.901960784313726,13.881289424200887,27,932,1,3,5,4,12,0
10628,28734.28,684.1495238095238,42,42,24.952380952380953,12.67406104849948,32,917,0,2,3,4,9,0
10629,22442.63,680.079696969697,33,33,23.363636363636363,14.779246813137545,1,886,3,3,1,3,7,0
10630,24901.61,711.4745714285715,35,35,28.428571428571427,12.455298221299744,18,964,3,5,2,3,10,0
10631,23869.89,612.0484615384615,39,39,24.28205128205128,14.420286729663943,17,982,1,4,2,2,8,0
10632,22180.36,528.1038095238096,42,42,24.30952380952381,13.717512565593813,64,940,0,3,3,1,7,0
10633,27494.64,539.1105882352941,51,50,23.098039215686274,12.921694783519357,25,966,1,3,5,3,11,0
10634,22627.260000000002,565.6815,40,40,22.325,15.55204249097287,39,964,0,3,2,2,7,0
10635,17838.829999999998,637.1010714285713,28,28,24.571428571428573,12.911173947337735,82,914,0,1,1,1,3,1
10636,29022.38,604.6329166666667,48,48,23.791666666666668,14.9836198980162,16,894,2,5,5,4,14,0
10637,29090.83,606.0589583333334,48,48,26.1875,11.063946143005179,38,964,0,1,4,3,8,0
10638,23043.32,512.0737777777778,45,45,23.0,13.132194997583056,1,1001,3,1,3,2,6,0
10639,31994.89,581.7252727272727,55,55,24.30909090909091,14.438724586221863,8,996,3,1,5,4,10,0
10640,15104.34,472.010625,32,32,22.21875,13.734191792513618,38,943,0,2,1,1,4,0
10641,22246.06,585.4226315789474,38,38,25.026315789473685,13.759491745219773,4,987,1,3,1,1,5,0
10642,27224.73,680.61825,40,39,21.75,12.998520625884257,19,984,1,1,1,2,4,1
10643,22818.45,616.7148648648649,37,37,23.513513513513512,13.512590058537633,14,988,3,4,1,1,6,0
10644,22924.54,654.9868571428572,35,35,25.285714285714285,14.47019538989881,38,895,0,1,1,1,3,0
10645,19896.32,442.1404444444444,45,45,22.244444444444444,14.449214441615778,1,1000,1,4,4,2,10,0
10646,33140.45,705.1159574468085,47,47,25.53191489361702,13.77119088631706,52,934,0,3,4,5,12,0
10647,21911.18,534.4190243902439,41,41,22.878048780487806,13.504064428814052,20,973,1,4,2,1,7,0
10648,37280.82,677.8330909090909,55,55,26.054545454545455,12.960650106319944,13,939,4,2,5,5,12,0
10649,23840.48,596.012,40,40,25.725,15.791895844355556,68,916,0,3,2,2,7,0
10650,35269.96,705.3992,50,50,26.32,13.293300445513667,10,976,2,5,4,5,14,0
10651,31225.31,678.8110869565218,46,46,25.23913043478261,12.644163840565067,17,959,2,1,3,4,8,0
10652,34895.83,658.4118867924528,53,53,23.20754716981132,14.327701101988572,12,988,3,3,5,5,13,0
10653,35590.15,790.8922222222222,45,45,27.622222222222224,13.519832047250388,22,965,1,1,3,5,9,0
10654,26077.12,543.2733333333333,48,48,23.708333333333332,12.287267814880977,4,999,1,3,5,3,11,0
10655,17840.51,435.1343902439024,41,41,19.878048780487806,13.023431041686402,67,910,0,3,3,1,7,0
10656,31989.68,507.7726984126984,63,63,21.3015873015873,14.950061948986892,1,1004,1,3,5,5,13,0
10657,31964.59,652.3385714285714,49,49,23.571428571428573,13.962748058077013,0,958,1,5,5,5,15,0
10658,21260.38,518.5458536585367,41,41,27.341463414634145,15.608667073292262,33,936,0,2,3,2,7,0
10659,26115.35,746.1528571428571,35,35,25.114285714285714,14.093743769679444,18,968,2,3,1,3,7,0
10660,21743.8,587.6702702702703,37,36,24.0,15.32064692570853,16,980,1,1,1,1,3,0
10661,35472.29,669.2884905660378,53,52,25.92452830188679,13.135168671289382,2,985,4,1,5,5,11,0
10662,31348.57,639.7667346938775,49,49,27.26530612244898,13.215797854279177,10,917,2,5,5,4,14,0
10663,34808.03,682.5103921568627,51,51,25.352941176470587,14.88734164236418,44,935,0,2,5,5,12,0
10664,25791.03,614.0721428571428,42,42,26.833333333333332,14.04681487491315,3,969,1,1,3,2,6,0
10665,36780.96,693.9803773584905,53,53,26.77358490566038,12.342299856487852,39,953,0,4,5,5,14,0
10666,21974.88,549.3720000000001,40,40,23.25,15.116216457830973,34,954,0,2,2,2,6,0
10667,17920.59,471.5944736842105,38,38,22.289473684210527,14.54890707279424,5,993,2,4,3,1,8,0
10668,17192.55,554.5983870967742,31,31,24.322580645161292,12.934159157760492,6,983,1,4,1,1,6,0
10669,36499.37,651.7744642857143,56,55,28.25,13.716943735925486,3,999,5,3,5,5,13,0
10670,23488.52,711.7733333333333,33,33,24.636363636363637,15.83472880612852,36,937,0,2,1,2,5,0
10671,18947.89,557.2908823529411,34,34,23.205882352941178,13.617678820951395,25,940,2,4,2,1,7,0
10672,28640.32,609.3685106382978,47,47,24.70212765957447,13.200650335786362,12,985,1,4,4,3,11,0
10673,16984.47,606.5882142857143,28,28,25.857142857142858,12.420754094463518,3,873,3,2,1,2,5,0
10674,29782.68,647.4495652173913,46,46,25.47826086956522,15.41966872455045,5,996,3,1,4,4,9,0
10675,32850.44,631.7392307692309,52,52,26.71153846153846,13.025369722593538,13,963,2,3,5,4,12,0
10676,20134.37,503.35925,40,40,26.625,15.999499190880142,20,864,1,4,2,1,7,0
10677,22910.44,498.05304347826086,46,46,24.76086956521739,13.555129873731193,9,985,2,5,4,2,11,0
10678,31983.760000000002,710.7502222222223,45,45,27.6,13.427245029823098,17,983,2,1,3,4,8,0
10679,24862.16,540.4817391304348,46,46,23.847826086956523,13.993597569848145,1,902,2,5,4,2,11,0
10680,25449.21,620.7124390243903,41,41,28.26829268292683,15.346048987025785,21,983,1,1,2,3,6,0
10681,21067.15,526.67875,40,40,22.85,15.029117039079807,29,923,1,1,2,1,4,0
10682,31927.08,798.177,40,40,29.275,13.101159666815171,55,945,0,3,2,4,9,0
10683,19348.49,496.11512820512826,39,39,23.94871794871795,12.52565518393248,3,925,1,2,2,1,5,0
10684,34816.18,656.9090566037736,53,53,25.81132075471698,14.117714736312925,8,993,1,5,5,5,15,0
10685,26780.55,704.7513157894737,38,38,27.42105263157895,14.179603888317457,33,893,0,3,1,3,7,0
10686,30069.31,733.3978048780488,41,41,27.853658536585368,13.743291046197335,20,975,1,5,3,4,12,0
10687,23131.99,550.7616666666667,42,42,25.738095238095237,15.234843766053995,10,962,1,3,3,2,8,0
10688,26354.61,612.8979069767443,43,43,25.023255813953487,11.754408235075497,31,932,0,1,3,3,7,0
10689,30340.97,705.6039534883721,43,43,26.46511627906977,14.987850376712759,38,965,0,2,4,4,10,0
10690,28286.06,614.914347826087,46,46,27.717391304347824,13.986760475500889,84,917,0,1,3,3,7,0
10691,36659.5,833.1704545454545,44,44,30.75,12.84455363722441,21,954,1,4,4,5,13,0
10692,27610.35,627.5079545454545,44,44,29.65909090909091,12.988265154071719,14,961,1,5,4,3,12,0
10693,25485.67,530.9514583333333,48,47,26.833333333333332,13.374051301941021,5,987,2,5,5,2,12,0
10694,14142.9,404.0828571428571,35,35,18.65714285714286,14.144096372157323,7,998,3,5,1,1,7,0
10695,21277.19,591.0330555555555,36,36,25.305555555555557,14.362290793094145,7,962,1,2,1,2,5,0
10696,24576.73,585.1602380952381,42,42,23.19047619047619,12.716875853566748,18,983,3,1,3,2,6,0
10697,30354.02,572.7173584905661,53,53,26.0188679245283,13.106795897310644,33,966,0,4,5,4,13,0
10698,34230.17,713.1285416666666,48,48,26.5625,12.824355568397221,4,1001,2,2,5,5,12,0
10699,30962.9,673.1065217391305,46,46,24.282608695652176,13.12785510699082,12,974,1,5,4,4,13,0
10700,30527.15,649.513829787234,47,47,22.914893617021278,15.532336237996388,3,997,2,2,4,5,11,0
10701,32255.66,620.3011538461539,52,52,23.557692307692307,14.54999961126401,2,996,4,2,5,5,12,0
10702,32206.39,805.15975,40,40,28.65,15.563846996592241,34,937,0,4,2,4,10,0
10703,30101.7,684.1295454545455,44,44,23.84090909090909,14.855808012776471,10,981,2,5,4,4,13,0
10704,19710.45,532.7148648648649,37,37,22.43243243243243,15.327064915335843,9,989,3,2,2,1,5,0
10705,24785.89,590.140238095238,42,42,24.571428571428573,16.216737600307052,0,942,2,1,3,2,6,0
10706,15236.3,423.23055555555555,36,36,21.444444444444443,13.08749554661012,18,977,2,3,1,1,5,0
10707,28505.82,633.4626666666667,45,45,26.08888888888889,15.757858389073723,11,979,3,1,3,3,7,0
10708,23095.99,721.7496875,32,32,23.0,15.848068977720304,26,965,2,3,1,2,6,0
10709,25732.25,627.6158536585366,41,41,26.951219512195124,14.82725736525841,0,997,2,2,2,2,6,0
10710,21648.05,541.20125,40,40,23.7,15.09831031469993,2,951,1,3,2,2,7,0
10711,25480.73,728.0208571428572,35,35,27.514285714285716,14.176142818485006,9,955,1,1,1,2,4,0
10712,13844.03,395.5437142857143,35,35,20.914285714285715,13.772033530420451,47,940,0,1,1,1,3,0
10713,17562.65,516.5485294117648,34,34,22.294117647058822,11.717713635100688,72,924,0,1,1,1,3,0
10714,21384.38,497.3111627906977,43,43,21.53488372093023,15.134868031908974,82,914,0,5,3,1,9,0
10715,30566.15,679.2477777777779,45,45,26.511111111111113,11.434839550931864,13,973,1,2,4,4,10,0
10716,25463.24,592.1683720930233,43,43,21.72093023255814,13.466582239354656,8,995,1,3,3,2,8,0
10717,25149.33,546.7245652173914,46,46,21.369565217391305,13.506144602697892,18,966,1,2,4,3,9,0
10718,20523.36,621.9200000000001,33,33,28.393939393939394,14.398219060745399,4,972,4,5,1,2,8,0
10719,28598.54,635.5231111111111,45,42,24.22222222222222,15.208981928884368,22,959,1,5,4,4,13,0
10720,30647.52,578.2550943396227,53,53,24.41509433962264,12.929444574696921,14,987,3,1,5,4,10,0
10721,24742.75,706.9357142857143,35,35,28.114285714285714,12.24449799266744,93,896,0,3,2,3,8,0
10722,22193.89,541.3143902439024,41,41,23.4390243902439,14.52764395985771,9,953,1,5,3,1,9,0
10723,20607.79,606.1114705882353,34,34,22.235294117647058,15.31499329441065,16,954,2,5,1,1,7,0
10724,17530.43,531.2251515151515,33,33,23.363636363636363,14.490984658180972,11,965,1,3,1,1,5,0
10725,36257.99,697.2690384615385,52,51,25.03846153846154,12.721699138058405,10,960,2,5,5,5,15,0
10726,33793.49,689.6630612244898,49,49,24.408163265306122,12.24730985316595,6,958,2,5,4,5,14,0
10727,25498.329999999998,592.9844186046511,43,43,23.511627906976745,16.31150936495493,10,995,1,2,4,3,9,0
10728,19232.09,641.0696666666666,30,30,24.333333333333332,15.561520476490397,53,951,0,2,1,1,4,0
10729,37184.39,774.6747916666667,48,48,26.479166666666668,14.848152809153456,5,939,1,2,4,5,11,0
10730,20873.11,632.5184848484848,33,33,22.696969696969695,11.740647470659487,0,968,4,4,1,2,7,0
10731,27539.52,585.9472340425532,47,47,25.97872340425532,14.236342595933413,48,949,0,4,4,3,11,0
10732,27957.33,559.1466,50,50,22.3,14.638849625819201,9,981,1,1,4,3,8,1
10733,20738.71,648.0846875,32,32,26.59375,13.62128167670462,25,949,1,3,1,1,5,0
10734,26805.329999999998,623.3797674418604,43,43,22.813953488372093,13.436368227338901,48,949,0,1,3,3,7,0
10735,34821.06,809.7920930232558,43,43,28.53488372093023,14.932146270649174,1,979,3,3,3,5,11,0
10736,27369.44,720.2484210526316,38,38,27.289473684210527,15.183397573588962,14,957,2,5,3,4,12,0
10737,24990.36,595.0085714285715,42,42,24.571428571428573,15.565977372717215,24,952,1,4,3,3,10,0
10738,23462.81,545.6467441860466,43,43,23.6046511627907,13.01306950152829,6,987,3,2,4,2,8,0
10739,40480.159999999996,763.7766037735848,53,52,28.67924528301887,14.338991468807192,9,957,3,1,5,5,11,0
10740,32658.54,796.549756097561,41,41,29.73170731707317,13.408997707218653,19,986,1,1,2,4,7,0
10741,21822.91,545.57275,40,40,22.1,14.475089123325118,81,921,0,1,1,1,3,1
10742,25089.27,597.3635714285714,42,42,23.595238095238095,12.484252566215169,20,957,1,4,3,2,9,0
10743,22783.21,615.7624324324324,37,37,23.81081081081081,12.764616540869351,44,949,0,4,2,2,8,0
10744,20496.47,539.3807894736842,38,38,26.236842105263158,12.752178850449631,40,901,0,5,1,1,7,0
10745,22707.61,540.657380952381,42,42,23.666666666666668,14.350434117112746,21,973,2,1,2,1,4,0
10746,22958.46,655.956,35,35,25.571428571428573,14.705512600393641,10,991,2,1,1,3,5,0
10747,26070.36,606.2874418604652,43,43,25.41860465116279,13.841333128299071,11,974,3,3,3,3,9,0
10748,26790.56,570.011914893617,47,47,20.595744680851062,14.62971897032839,2,986,2,2,5,3,10,0
10749,26822.329999999998,745.0647222222221,36,36,30.333333333333332,13.244945127427725,69,932,0,3,2,4,9,0
10750,25693.7,642.3425,40,40,26.2,12.533442443605807,5,989,1,5,2,3,10,0
10751,23368.75,556.3988095238095,42,42,22.428571428571427,13.956627688879324,5,999,2,5,2,1,8,0
10752,24656.12,648.8452631578947,38,38,26.81578947368421,14.276904924553888,20,967,1,3,2,3,8,0
10753,34984.99,624.7319642857143,56,55,24.392857142857142,14.512287673089089,15,966,1,4,5,5,14,0
10754,27725.35,676.2280487804878,41,41,24.51219512195122,13.649399164834165,8,968,2,2,2,3,7,0
10755,24843.25,528.5797872340426,47,47,24.27659574468085,14.391576835471708,1,990,4,1,4,2,7,0
10756,26846.739999999998,624.3427906976743,43,43,22.232558139534884,13.716235095858947,9,974,1,3,4,3,10,0
10757,23851.16,518.5034782608695,46,46,22.195652173913043,14.652446993541751,47,956,0,4,5,4,13,0
10758,33265.37,723.1602173913044,46,46,26.391304347826086,13.152909709126154,16,959,2,5,5,5,15,0
10759,25317.03,767.1827272727272,33,33,29.151515151515152,13.12945451104408,7,985,2,2,1,4,7,0
10760,27087.1,601.9355555555555,45,45,25.644444444444446,14.378259402109265,30,946,1,4,4,4,12,0
10761,27240.32,664.3980487804878,41,41,24.365853658536587,16.110177059177495,11,979,1,5,3,4,12,0
10762,24400.99,567.4648837209303,43,43,23.767441860465116,14.61707613473646,19,984,3,3,3,2,8,0
10763,25049.41,596.4145238095238,42,42,25.738095238095237,12.089220200818547,8,993,3,3,4,3,10,0
10764,20192.47,545.7424324324325,37,37,26.405405405405407,14.042513741926415,15,990,1,5,1,1,7,0
10765,27395.1,595.545652173913,46,46,24.391304347826086,15.723271162154752,101,899,0,1,3,3,7,0
10766,29601.3,721.9829268292683,41,41,27.48780487804878,13.143671388199555,24,955,1,2,2,4,8,0
10767,30708.71,682.4157777777777,45,45,25.333333333333332,15.300029708824395,9,948,1,3,4,4,11,0
10768,19641.51,561.1859999999999,35,35,23.885714285714286,12.785035895809713,67,857,0,4,1,1,6,0
10769,24835.03,506.8373469387755,49,49,23.020408163265305,15.51409278140143,58,907,0,3,5,3,11,0
10770,24875.01,552.778,45,45,24.244444444444444,14.360861514350153,22,978,1,2,3,2,7,0
10771,20442.13,552.49,37,36,19.43243243243243,11.420110284884245,0,988,1,5,1,2,8,0
10772,16156.810000000001,504.90031250000004,32,32,22.03125,12.84268179962626,6,950,2,3,1,1,5,0
10773,29578.37,616.2160416666667,48,47,26.104166666666668,15.404116033714557,6,977,1,3,4,4,11,0
10774,26136.72,670.1723076923078,39,39,21.615384615384617,12.229419628643106,63,923,0,3,2,3,8,0
10775,24990.87,567.9743181818181,44,43,23.977272727272727,11.872361173366771,1,1003,3,2,4,3,9,0
10776,23610.64,621.3326315789474,38,38,25.973684210526315,15.57108693129372,24,974,2,1,1,1,3,0
10777,32518.78,756.2506976744186,43,43,25.906976744186046,15.522355542722387,34,967,0,2,3,5,10,0
10778,19995.4,571.297142857143,35,35,23.457142857142856,12.584637827275662,16,948,1,2,1,1,4,0
10779,28222.31,742.6923684210527,38,38,24.789473684210527,15.394203708656486,6,962,1,1,1,3,5,0
10780,21356.15,667.3796875,32,32,24.78125,15.696176594235276,61,936,0,5,1,2,8,0
10781,19651.94,655.0646666666667,30,30,23.433333333333334,12.538721634595971,75,921,0,4,1,1,6,0
10782,37569.18,683.076,55,55,26.09090909090909,13.447115520620617,15,972,1,3,5,5,13,0
10783,20436.32,583.8948571428572,35,35,25.685714285714287,10.695714998434239,18,944,1,3,1,1,5,0
10784,30438.27,585.3513461538462,52,52,24.692307692307693,14.792073210481803,59,942,0,3,5,4,12,0
10785,29997.13,681.7529545454546,44,43,26.181818181818183,14.533478156140413,2,971,1,2,3,4,9,0
10786,35844.38,689.3149999999999,52,52,28.192307692307693,14.872053620259077,18,986,2,1,5,5,11,0
10787,23005.22,605.4005263157895,38,38,22.789473684210527,14.332269194235975,21,962,1,1,1,1,3,1
10788,21911.26,663.9775757575757,33,33,23.696969696969695,14.888092659246283,151,821,0,5,1,1,7,0
10789,31062.170000000002,739.5754761904763,42,42,26.547619047619047,13.856762689805278,20,936,1,5,3,5,13,0
10790,42745.67,822.0321153846154,52,51,28.884615384615383,13.919451541699457,13,992,1,2,5,5,12,0
10791,33731.46,674.6292,50,50,26.3,14.40273500104074,0,955,1,3,4,5,12,0
10792,31439.95,698.6655555555556,45,45,25.0,13.095800853708793,33,920,0,1,3,4,8,0
10793,48302.34,743.112923076923,65,65,25.307692307692307,13.86421098201575,22,972,2,3,5,5,13,0
10794,26236.95,639.9256097560976,41,41,25.29268292682927,13.323370261384738,8,958,1,1,2,3,6,0
10795,29363.79,667.3588636363637,44,44,23.431818181818183,14.073557139928216,44,947,0,2,3,4,9,0
10796,20207.77,481.13738095238097,42,42,20.023809523809526,15.301025145375696,41,906,0,5,3,1,9,0
10797,32827.23,683.9006250000001,48,47,25.5625,15.112213251595616,2,908,4,3,5,5,13,0
10798,31017.88,596.4976923076923,52,51,22.346153846153847,14.198708330350936,16,979,2,4,5,4,13,0
10799,29400.39,653.342,45,45,24.955555555555556,14.662809410136235,61,925,0,4,3,3,10,0
10800,20297.81,495.0685365853659,41,41,26.121951219512194,14.18836692849325,7,996,3,1,2,1,4,0
10801,21735.7,530.1390243902439,41,41,25.829268292682926,15.464317700798167,27,949,1,3,3,2,8,0
10802,25413.21,619.8343902439024,41,41,22.75609756097561,15.34239304640068,20,982,2,1,2,2,5,1
10803,24606.7,559.2431818181818,44,44,23.295454545454547,13.431271295964235,24,977,1,4,4,2,10,0
10804,26864.17,655.2236585365853,41,41,28.51219512195122,13.778827873261774,1,951,2,4,3,3,10,0
10805,32457.79,690.5912765957447,47,47,28.425531914893618,12.898845045788542,16,951,2,4,5,5,14,0
10806,19696.510000000002,518.3292105263158,38,38,24.44736842105263,14.026417871039985,83,917,0,3,2,1,6,0
10807,23012.91,639.2475,36,36,25.63888888888889,13.78436542459355,101,883,0,4,2,1,7,0
10808,25344.95,618.169512195122,41,41,26.585365853658537,14.260041391517941,11,989,1,1,2,2,5,1
10809,29896.63,649.9267391304348,46,46,25.0,13.155480480266263,31,930,0,4,3,3,10,0
10810,24418.54,718.1923529411765,34,34,27.323529411764707,16.331268740698835,1,1000,3,5,1,2,8,0
10811,27270.03,619.773409090909,44,44,25.318181818181817,13.763403999032798,24,962,1,2,3,3,8,0
10812,18701.45,389.61354166666666,48,48,19.520833333333332,12.905531690982373,4,960,5,5,5,1,11,0
10813,25773.87,644.3467499999999,40,40,21.275,14.667227553377773,59,903,0,3,2,2,7,0
10814,31429.55,730.9197674418605,43,43,27.930232558139537,13.736283806101703,5,931,1,3,3,5,11,0
10815,40516.06,643.1120634920635,63,63,26.365079365079364,14.571626857279636,23,982,1,5,5,5,15,0
10816,23489.5,734.046875,32,32,27.21875,15.075582426024905,26,976,1,5,1,2,8,0
10817,20269.84,533.4168421052632,38,38,24.026315789473685,15.319104557320651,13,966,1,3,2,1,6,0
10818,26892.29,640.292619047619,42,42,25.595238095238095,14.572040592006966,32,945,0,5,3,3,11,0
10819,27802.23,617.8273333333333,45,44,22.155555555555555,13.688009941610073,29,974,1,3,3,3,9,0
10820,33125.1,676.0224489795918,49,48,24.510204081632654,14.867641665963134,18,955,4,1,4,4,9,0
10821,28090.600000000002,610.6652173913044,46,46,22.23913043478261,14.187920969940429,18,987,2,2,4,3,9,0
10822,28801.67,738.504358974359,39,39,25.205128205128204,16.079047312671573,44,946,0,2,2,3,7,0
10823,25530.74,531.8904166666667,48,48,21.5,15.842308020116741,8,969,1,4,4,2,10,0
10824,24712.27,514.8389583333334,48,47,21.791666666666668,14.419192784874467,15,976,3,3,5,3,11,0
10825,31917.7,625.8372549019608,51,50,24.862745098039216,15.338865157296532,12,993,1,4,5,5,14,0
10826,17934.11,527.4738235294118,34,34,18.647058823529413,13.803562019300573,15,982,2,2,1,1,4,0
10827,34017.47,596.7977192982456,57,57,26.49122807017544,13.168038696319563,29,894,1,3,5,5,13,0
10828,13983.47,582.6445833333333,24,24,24.083333333333332,13.85300678919379,9,980,2,5,1,1,7,0
10829,17424.76,458.5463157894736,38,38,20.94736842105263,13.420330217915456,50,939,0,5,2,1,8,0
10830,34434.27,688.6854,50,50,25.92,13.985181662118263,23,979,2,4,5,5,14,0
10831,30259.09,617.5324489795919,49,49,25.081632653061224,13.286642312698053,0,989,4,2,5,5,12,0
10832,34950.590000000004,713.2773469387756,49,49,26.46938775510204,15.167264696290724,18,985,1,5,5,5,15,0
10833,28325.26,658.726976744186,43,43,25.906976744186046,14.487784597621037,6,995,4,1,3,4,8,0
10834,34517.87,841.899268292683,41,41,30.75609756097561,13.56978350565122,8,942,4,3,3,5,11,0
10835,28136.260000000002,562.7252000000001,50,50,22.38,11.550934232028727,36,909,0,4,5,3,12,0
10836,30629.53,729.2745238095238,42,42,25.214285714285715,13.669506234566928,9,947,1,5,3,4,12,0
10837,25810.03,586.5915909090909,44,44,20.795454545454547,14.463393319004066,38,960,0,1,3,2,6,0
10838,27567.38,689.1845000000001,40,40,24.1,15.189064892470908,9,961,4,1,2,3,6,0
10839,32577.58,678.6995833333334,48,48,24.333333333333332,13.8783979290844,8,959,4,5,4,4,13,0
10840,23839.86,627.3647368421052,38,38,23.236842105263158,13.421310627035215,14,989,1,1,2,2,5,0
10841,22650.75,566.26875,40,40,22.75,15.724796684511718,1,977,2,1,2,2,5,0
10842,26408.55,628.775,42,42,25.88095238095238,13.281570545083087,21,983,3,3,2,3,8,0
10843,23738.61,565.205,42,42,23.761904761904763,16.13481242200068,4,951,2,3,4,2,9,0
10844,26072.28,651.807,40,39,25.075,15.100326877086859,1,1002,5,5,3,4,12,0
10845,22935.91,521.2706818181819,44,44,21.5,12.92464744694829,15,975,1,3,4,2,9,0
10846,26747.82,685.8415384615384,39,39,27.487179487179485,15.449189716227487,1,957,1,5,3,4,12,0
10847,30524.67,726.7778571428571,42,42,24.952380952380953,15.670311188019987,9,994,2,1,3,4,8,0
10848,36597.17,630.9856896551723,58,58,23.56896551724138,14.41504096173905,47,957,0,5,5,5,15,0
10849,34937.19,612.9331578947368,57,57,24.894736842105264,14.055609213973613,7,936,2,4,5,5,14,0
10850,22293.37,696.6678125,32,32,26.03125,12.514467434185539,38,854,0,3,1,2,6,0
10851,31448.97,628.9794,50,50,26.92,14.911767713002058,10,987,1,5,5,4,14,0
10852,31147.25,692.1611111111112,45,45,24.288888888888888,15.660637137599336,28,968,1,4,4,4,12,0
10853,22417.77,560.44425,40,40,23.775,14.836696536040765,0,954,3,5,3,2,10,0
10854,26693.37,533.8674,50,50,19.88,13.713749989536424,6,983,2,3,5,3,11,0
10855,25742.07,598.6527906976744,43,43,27.069767441860463,13.61965552469282,118,866,0,2,3,3,8,0
10856,25834.41,807.3253125,32,32,26.28125,13.181693990212825,36,909,0,4,1,3,8,0
10857,31534.32,700.7626666666666,45,45,25.288888888888888,15.013058289100165,30,960,1,5,4,5,14,0
10858,33048.58,674.4608163265307,49,49,26.46938775510204,16.043043716847507,7,958,2,4,5,5,14,0
10859,26582.96,781.8517647058824,34,34,28.029411764705884,12.83811865315883,9,985,1,4,1,3,8,0
10860,24904.22,541.3960869565218,46,46,21.391304347826086,13.028990343537009,3,913,1,3,4,2,9,0
10861,29514.73,737.86825,40,40,25.675,13.054889053727274,20,977,1,4,2,4,10,0
10862,23846.739999999998,554.5753488372093,43,43,25.41860465116279,16.746332303692416,7,983,2,1,3,1,5,0
10863,33862.71,615.6856363636364,55,55,23.636363636363637,13.67393253517184,8,996,1,1,5,5,11,0
10864,31858.39,692.5736956521739,46,46,25.23913043478261,15.410219960372181,12,908,2,5,4,5,14,0
10865,26192.079999999998,582.0462222222221,45,45,23.977777777777778,12.77691257501181,12,974,1,1,3,2,6,0
10866,35426.479999999996,753.7548936170211,47,47,26.872340425531913,13.391459025741476,14,952,1,2,4,5,11,0
10867,27465.77,638.7388372093023,43,43,23.651162790697676,14.60737537281739,8,956,1,5,4,4,13,0
10868,35170.39,676.3536538461539,52,52,28.634615384615383,13.86493510043832,1,996,1,1,5,5,11,0
10869,28823.29,626.5932608695653,46,46,25.543478260869566,13.485311386408762,35,950,0,4,4,4,12,0
10870,30884.79,617.6958,50,50,25.0,13.981036719610678,0,996,2,3,5,4,12,0
10871,29526.99,703.0235714285715,42,42,24.404761904761905,12.68196246221962,2,967,3,3,3,4,10,0
10872,29071.49,660.7156818181819,44,44,27.204545454545453,13.972696873836433,6,914,2,4,4,4,12,0
10873,31050.09,633.675306122449,49,49,23.918367346938776,13.85916774601725,42,923,0,1,5,4,10,0
10874,18325.03,509.0286111111111,36,36,24.61111111111111,14.556839880330733,28,940,1,1,1,1,3,0
10875,26733.85,636.520238095238,42,42,25.404761904761905,14.781431205350628,69,911,0,1,2,3,6,0
10876,27483.93,572.581875,48,48,23.729166666666668,15.746312750870503,1,977,2,5,4,3,12,0
10877,29320.4,651.5644444444445,45,45,23.955555555555556,14.881281035331778,3,979,3,1,4,4,9,0
10878,20999.6,583.3222222222222,36,36,24.72222222222222,13.652024676866716,7,984,3,4,2,2,8,0
10879,22343.89,572.9202564102563,39,39,23.384615384615383,14.733805355131953,15,931,1,5,2,2,9,0
10880,32991.37,646.8896078431374,51,51,23.627450980392158,14.209800539506142,2,993,3,2,5,4,11,0
10881,29140.87,710.7529268292683,41,41,23.804878048780488,13.38883772437907,42,958,0,1,2,3,6,0
10882,28158.010000000002,625.7335555555557,45,44,22.177777777777777,15.249871666954638,10,993,1,5,4,4,13,0
10883,23127.24,537.8427906976744,43,43,24.58139534883721,12.960071571928207,65,901,0,5,4,2,11,0
10884,19179.28,467.7873170731707,41,41,21.048780487804876,15.157425935019763,44,950,0,2,2,1,5,0
10885,27847.46,580.1554166666666,48,48,26.166666666666668,13.727334639763713,13,952,4,2,4,3,9,0
10886,25121.190000000002,678.9510810810812,37,37,25.62162162162162,15.004353722524362,30,957,1,5,2,3,10,0
10887,31758.87,705.7526666666666,45,45,24.57777777777778,13.623991020003327,9,983,1,5,4,4,13,0
10888,27767.51,661.1311904761905,42,42,22.452380952380953,14.260986147532579,16,978,1,4,4,4,12,0
10889,23624.1,694.8264705882352,34,34,26.41176470588235,12.180753937602285,22,937,1,2,1,2,5,0
10890,30858.48,642.885,48,48,21.6875,15.490774536629242,7,997,1,3,5,5,13,0
10891,29478.850000000002,601.6091836734695,49,49,24.346938775510203,14.840191795155706,9,996,3,5,5,4,14,0
10892,25154.56,661.9621052631579,38,38,24.44736842105263,16.257551041303774,41,930,0,3,2,2,7,0
10893,21247.87,643.8748484848485,33,33,25.636363636363637,13.94815888795494,106,873,0,1,1,1,3,0
10894,17356.96,542.405,32,32,24.84375,16.050543905968397,6,951,2,3,1,1,5,0
10895,23714.29,578.3973170731707,41,41,26.195121951219512,15.076835729348387,0,963,2,5,3,2,10,0
10896,25272.87,648.0223076923077,39,39,24.71794871794872,14.061797290884709,12,968,2,2,3,3,8,0
10897,36689.99,621.8642372881355,59,58,23.440677966101696,14.478606318004074,0,983,3,2,5,5,12,0
10898,31849.829999999998,579.0878181818182,55,55,24.87272727272727,14.700786758304172,14,987,1,4,5,5,14,0
10899,21125.46,502.9871428571428,42,42,19.047619047619047,14.455908372555697,6,976,2,5,4,1,10,0
10900,25100.48,583.7320930232559,43,43,24.488372093023255,16.86271188298983,22,980,1,2,4,2,8,0
10901,34360.94,746.9769565217392,46,46,25.23913043478261,14.457884865450021,0,995,4,4,4,5,13,0
10902,27664.28,601.3973913043478,46,46,24.391304347826086,14.372007144862565,19,937,2,1,4,3,8,0
10903,22274.670000000002,618.7408333333334,36,36,21.97222222222222,12.534492094356757,71,931,0,1,1,1,3,0
10904,20737.47,482.26674418604654,43,43,25.023255813953487,15.378538496558894,5,976,2,2,4,1,7,0
10905,27077.61,676.94025,40,40,25.175,13.817282934510233,10,953,1,3,2,3,8,0
10906,23150.35,680.8926470588235,34,34,25.38235294117647,13.252820639469954,8,975,2,5,2,2,9,0
10907,27799.73,678.0421951219512,41,41,25.024390243902438,14.215287202300996,14,990,1,2,3,4,9,0
10908,32813.27,729.1837777777777,45,45,27.6,15.214227790878091,2,969,4,1,3,4,8,0
10909,25020.35,595.722619047619,42,42,26.547619047619047,14.05078312365261,3,1002,1,3,2,2,7,0
10910,38014.95,775.8153061224489,49,49,29.448979591836736,12.446654879407353,0,1005,3,3,5,5,13,0
10911,34627.24,721.4008333333333,48,48,25.9375,12.876510446413493,32,973,0,1,4,5,10,0
10912,32207.39,700.160652173913,46,45,25.76086956521739,15.055725795425909,10,992,2,3,4,5,12,0
10913,40814.57,832.9504081632653,49,49,28.489795918367346,13.537174817546546,62,905,0,1,4,5,10,0
10914,31430.36,683.268695652174,46,46,25.217391304347824,13.4559578600844,48,954,0,4,5,5,14,0
10915,29893.81,622.7877083333334,48,48,24.1875,14.028324311147193,4,978,2,3,5,4,12,0
10916,23941.23,498.775625,48,47,23.291666666666668,14.589355392893198,9,986,2,5,4,2,11,0
10917,25502.15,689.2472972972973,37,37,25.37837837837838,13.185327180349104,40,876,0,3,2,3,8,0
10918,28629.24,622.3747826086957,46,46,24.26086956521739,14.624841549164362,36,957,0,3,4,4,11,0
10919,28563.73,680.0888095238095,42,42,26.071428571428573,13.844771588886255,15,966,1,4,3,4,11,0
10920,24184.02,537.4226666666667,45,45,26.22222222222222,15.338437885510922,32,963,0,1,4,2,7,0
10921,23737.579999999998,641.5562162162162,37,37,25.243243243243242,13.565490132041766,9,957,2,2,2,2,6,0
10922,27870.64,592.9923404255319,47,47,24.80851063829787,13.980791633169481,6,982,3,2,5,5,12,0
10923,25040.16,521.67,48,48,23.395833333333332,13.863682209181047,17,980,1,2,4,2,8,0
10924,32802.11,618.9077358490566,53,53,23.49056603773585,14.117123592275927,31,964,0,2,5,5,12,0
10925,28779.64,587.3395918367347,49,49,25.346938775510203,14.137053883925278,58,902,0,5,4,4,13,0
10926,13829.7,553.188,25,25,26.36,15.426924515275234,78,895,0,2,1,1,4,0
10927,28182.05,587.1260416666667,48,48,24.416666666666668,13.892954487694944,1,972,3,2,4,3,9,0
10928,37826.12,727.4253846153847,52,51,26.46153846153846,14.786667999515762,4,988,4,2,5,5,12,0
10929,33663.8,731.8217391304348,46,46,25.304347826086957,14.38652079817523,47,956,0,5,4,5,14,0
10930,24780.9,619.5225,40,40,22.775,13.398215533688784,34,971,0,4,2,2,8,0
10931,30246.54,703.4079069767442,43,43,25.372093023255815,12.566060214899258,22,982,1,4,3,4,11,0
10932,25073.74,659.8352631578948,38,38,28.31578947368421,17.05968103240661,15,953,1,3,2,2,7,0
10933,29340.93,652.0206666666667,45,45,28.044444444444444,14.425286440445088,24,960,1,3,4,4,11,0
10934,22419.84,521.3916279069767,43,43,23.837209302325583,13.998180549387293,7,993,2,2,4,1,7,0
10935,43823.46,811.5455555555556,54,54,25.814814814814813,14.552538615435408,3,994,2,5,5,5,15,0
10936,31199.88,725.5786046511628,43,43,26.441860465116278,13.222099692022471,47,955,0,1,4,4,9,0
10937,29883.02,622.5629166666666,48,48,25.833333333333332,15.559540185369935,19,962,2,2,4,3,9,0
10938,27230.61,648.3478571428572,42,41,27.166666666666668,13.374377882347925,10,994,2,1,2,2,5,1
10939,33047.22,600.8585454545455,55,54,23.69090909090909,14.416904593120469,56,936,0,3,5,5,13,0
10940,24503.72,628.3005128205128,39,39,24.53846153846154,15.301954044201356,21,957,2,5,2,3,10,0
10941,20702.34,544.7984210526316,38,38,21.394736842105264,14.283877650683202,17,983,2,3,2,1,6,0
10942,30166.4,641.8382978723405,47,47,25.659574468085108,12.960268038936276,34,931,0,1,4,4,9,0
10943,32258.52,620.3561538461538,52,51,23.25,14.15027887205276,3,993,4,4,5,5,14,0
10944,20675.53,558.7981081081081,37,37,21.91891891891892,12.202864823880903,5,998,2,5,2,1,8,0
10945,31881.65,678.3329787234043,47,47,26.404255319148938,13.75825376695763,38,963,0,2,4,5,11,0
10946,36689.13,733.7826,50,50,27.4,13.818059759249996,42,919,0,2,4,5,11,0
10947,29725.9,594.518,50,50,23.02,15.792648767766627,1,994,2,4,5,4,13,0
10948,27778.95,603.8902173913044,46,46,23.130434782608695,13.259141409528537,1,964,1,4,4,3,11,0
10949,24612.280000000002,512.7558333333334,48,48,20.9375,13.648172272615067,2,995,2,3,5,2,10,0
10950,18704.87,534.4248571428571,35,35,23.8,13.094228634379796,5,957,2,3,1,1,5,0
10951,23594.17,481.5136734693877,49,49,23.0,14.002975874196647,86,859,0,2,4,2,8,0
10952,23840.5,644.3378378378378,37,37,25.7027027027027,11.625797140805405,41,935,0,2,2,2,6,0
10953,33993.07,607.0191071428571,56,56,28.964285714285715,15.004198546606014,35,908,0,3,5,5,13,0
10954,25790.77,644.76925,40,40,24.35,14.867879679155534,21,967,2,5,3,3,11,0
10955,32567.2,603.0962962962963,54,54,22.037037037037038,13.723637455772078,0,996,2,4,5,4,13,0
10956,22571.4,626.9833333333333,36,36,27.194444444444443,13.968984919547294,3,971,1,2,1,1,4,0
10957,30774.06,654.7672340425532,47,47,25.914893617021278,13.815287353593106,12,980,1,1,4,4,9,0
10958,38747.15,691.9133928571429,56,56,25.75,15.634751502516904,2,958,2,2,5,5,12,0
10959,21011.55,538.7576923076923,39,39,23.641025641025642,13.039388061778093,17,963,1,2,2,1,5,0
10960,18586.73,580.8353125,32,32,24.28125,12.089009604835562,10,968,2,4,1,1,6,0
10961,27645.09,628.2975,44,44,25.75,15.651918672786888,1,973,2,2,4,3,9,0
10962,31122.69,635.1569387755102,49,49,25.979591836734695,13.500755836739858,25,961,1,5,5,5,15,0
10963,17566.63,474.7737837837838,37,37,20.83783783783784,13.78105284139849,0,1004,3,3,2,1,6,0
10964,29304.19,637.0476086956521,46,46,25.652173913043477,14.703313899034004,2,972,4,2,4,3,9,0
10965,18924.18,511.4643243243243,37,37,22.91891891891892,14.752360222423127,24,965,1,4,1,1,6,0
10966,21233.85,589.8291666666667,36,36,21.02777777777778,14.904431001955876,5,937,3,2,1,1,4,0
10967,22898.64,558.5034146341463,41,41,22.75609756097561,14.428756855330395,24,981,1,1,2,1,4,0
10968,22884.260000000002,586.7758974358975,39,39,24.153846153846153,12.739368036747683,2,990,4,4,2,2,8,0
10969,30150.92,717.8790476190476,42,42,28.285714285714285,13.869224949392956,25,861,1,4,3,4,11,0
10970,33316.23,724.2658695652175,46,46,27.217391304347824,13.59233941679121,3,992,3,1,4,5,10,0
10971,19205.56,662.2606896551724,29,29,22.517241379310345,12.9438918017484,35,840,0,4,1,1,6,0
10972,40417.81,631.52828125,64,64,25.203125,13.005712648983772,1,994,2,4,5,5,14,0
10973,23534.15,619.3197368421053,38,37,23.526315789473685,12.086930270215067,1,953,2,4,3,3,10,0
10974,26104.46,621.5347619047619,42,42,26.833333333333332,15.755628752873491,19,983,1,1,3,3,7,0
10975,28261.53,672.8935714285714,42,42,24.714285714285715,13.579550109803675,14,984,3,5,4,5,14,0
10976,27472.7,638.9,43,43,23.0,13.005493344846904,8,978,3,1,2,3,6,0
10977,23205.36,580.134,40,40,23.125,15.162686149955466,13,981,1,1,2,1,4,1
10978,27448.73,722.335,38,38,26.31578947368421,13.656213837916907,3,944,2,2,1,3,6,0
10979,20669.96,590.5702857142857,35,35,26.82857142857143,15.511827962000128,0,992,4,3,2,1,6,0
10980,31537.03,618.373137254902,51,51,24.215686274509803,13.82072896122371,22,971,2,4,4,4,12,0
10981,36069.95,721.3989999999999,50,50,26.96,13.053985238701815,13,985,1,4,5,5,14,0
10982,17824.07,481.7316216216216,37,37,22.37837837837838,15.16822583808255,1,875,4,2,2,1,5,0
10983,35510.14,601.866779661017,59,59,24.966101694915253,13.572241069353735,3,987,4,2,5,5,12,0
10984,34307.17,762.3815555555556,45,45,28.08888888888889,12.493311341787184,10,976,2,4,3,5,12,0
10985,25958.87,665.6120512820513,39,39,25.76923076923077,14.955128566660473,49,955,0,5,2,3,10,0
10986,32329.82,788.5321951219512,41,41,26.70731707317073,14.443413555041314,4,980,3,4,2,4,10,0
10987,32432.22,559.1762068965518,58,58,21.896551724137932,13.965734577413082,48,915,0,4,5,5,14,0
10988,20053.420000000002,572.9548571428572,35,35,24.457142857142856,15.284253444684321,24,951,1,2,1,1,4,0
10989,29397.15,717.0036585365854,41,41,23.536585365853657,14.837616993600438,17,987,3,2,3,4,9,0
10990,26642.08,634.3352380952381,42,42,24.0,12.439120037891476,54,890,0,1,3,4,8,0
10991,35094.97,716.2238775510205,49,49,27.959183673469386,14.099289556087376,55,950,0,4,4,5,13,0
10992,31131.26,648.5679166666666,48,48,26.958333333333332,14.002975874196649,2,985,2,2,5,4,11,0
10993,22996.08,560.88,41,40,20.829268292682926,12.463752322283185,18,966,2,4,3,2,9,0
10994,19025.08,576.5175757575759,33,32,23.03030303030303,13.893534576568449,8,973,3,5,1,1,7,0
10995,26227.53,609.9425581395349,43,43,24.46511627906977,14.144406327000794,23,973,3,3,3,3,9,0
10996,31409.1,713.8431818181817,44,44,28.227272727272727,12.661723377985883,26,967,1,1,3,4,8,0
10997,35079.49,701.5898,50,50,26.28,15.293109025749779,26,974,2,2,4,5,11,0
10998,28996.17,674.3295348837208,43,43,22.58139534883721,13.088039902247967,35,914,0,4,4,4,12,0
10999,24324.55,593.2817073170731,41,41,26.26829268292683,12.710280072138266,5,999,1,2,3,3,8,0
